source	name	products	address	source_url
Zimmer Biomet	医療法人社団 三慈会 釧路三慈会病院	APS	〒085-0836 北海道釧路市幣舞町4-30	https://m.kansetsu-life.com/saisei/index.php
Zimmer Biomet	医療法人 五輪橋整形外科病院	APS	〒005-0802 北海道札幌市南区川沿2条1丁目2番56号	https://m.kansetsu-life.com/saisei/index.php
Zimmer Biomet	社会医療法人禎心会 札幌禎心会病院	APS	〒065-0033 北海道札幌市東区北33条東1丁目3-1	https://m.kansetsu-life.com/saisei/index.php
Zimmer Biomet	医療法人社団 整形外科 進藤病院	APS	〒078-8214 北海道旭川市4条通19丁目右6号	https://m.kansetsu-life.com/saisei/index.php
Zimmer Biomet	医療法人社団くわのみ会 桑園整形外科	APS	〒060-0008 北海道札幌市中央区北8条西16丁目28－30	https://m.kansetsu-life.com/saisei/index.php
Zimmer Biomet	医療法人悠康会 函館整形外科クリニック	APS	〒041-0802 北海道函館市石川町2-115	https://m.kansetsu-life.com/saisei/index.php
Zimmer Biomet	社会医療法人朋仁会整形外科 北新病院	APS	〒060-0908 北海道札幌市東区北8条東4丁目1-5	https://m.kansetsu-life.com/saisei/index.php
Zimmer Biomet	社会医療法人北斗 北斗病院	APS	〒080-0833 北海道帯広市稲田町基線7番地5	https://m.kansetsu-life.com/saisei/index.php
Zimmer Biomet	医療法人社団 みつわ整形外科クリニック	APS	〒062-0933 北海道札幌市豊平区平岸3条6丁目6-30	https://m.kansetsu-life.com/saisei/index.php
Zimmer Biomet	盛岡ふじさわ整形外科クリニック	APS	〒020-0866 岩手県盛岡市本宮三丁目9番13号	https://m.kansetsu-life.com/saisei/index.php
Zimmer Biomet	JR仙台病院	APS	〒980-0022 宮城県仙台市青葉区五橋1丁目1-5	https://m.kansetsu-life.com/saisei/index.php
Zimmer Biomet	独立行政法人地域医療機能推進機構 仙台病院	APS	〒981-3281 宮城県仙台市泉区紫山2丁目1-1	https://m.kansetsu-life.com/saisei/index.php
Zimmer Biomet	宮城整形外科スポーツ・ウェルネスクリニック	APS	〒981-3620 宮城県黒川郡大和町しあわせの杜8-11	https://m.kansetsu-life.com/saisei/index.php
Zimmer Biomet	医療法人徳洲会 山形徳洲会病院	APS	〒990-0834 山形県山形市清住町2-3-51	https://m.kansetsu-life.com/saisei/index.php
Zimmer Biomet	医療法人健佑会 いちはら病院	APS	〒300-3295 茨城県つくば市大曽根3681	https://m.kansetsu-life.com/saisei/index.php
Zimmer Biomet	国立大学法人 筑波大学附属病院	APS	〒305-8576 茨城県つくば市天久保2丁目1番地1	https://m.kansetsu-life.com/saisei/index.php
Zimmer Biomet	医療法人社団善衆会 善衆会病院	APS	〒379-2115 群馬県前橋市笂井町54番地1	https://m.kansetsu-life.com/saisei/index.php
Zimmer Biomet	医療法人社団武蔵野会 ＴＭＧあさか医療センター	APS	〒351-0023 埼玉県朝霞市溝沼1340-1	https://m.kansetsu-life.com/saisei/index.php
Zimmer Biomet	医療法人財団明理会 イムス富士見総合病院	APS	〒354-0021 埼玉県富士見市鶴馬1967-1	https://m.kansetsu-life.com/saisei/index.php
Zimmer Biomet	医療法人社団活寿会 大宮ひざ関節症クリニック	APS	〒330-0854 埼玉県さいたま市大宮区桜木町4-209 グランディ桜木ビル4F	https://m.kansetsu-life.com/saisei/index.php
Zimmer Biomet	かものみや整形外科	APS	〒331-0812 埼玉県さいたま市北区宮原町一丁目433番1	https://m.kansetsu-life.com/saisei/index.php
Zimmer Biomet	医療生協さいたま生活協同組合 埼玉協同病院	APS	〒333-0831 埼玉県川口市木曽呂1317番地	https://m.kansetsu-life.com/saisei/index.php
Zimmer Biomet	新越谷駅前えがわ整形外科クリニック	APS	〒343-0845 埼玉県越谷市南越谷1-22-8 TMビル2Ｆ	https://m.kansetsu-life.com/saisei/index.php
Zimmer Biomet	豊岡第一病院 スポーツ・人工関節センター	PRP	〒358-0007 埼玉県入間市大字黒須1369-3	https://m.kansetsu-life.com/saisei/index.php
Zimmer Biomet	医療法人社団順生会 はにゅう整形外科	APS	〒343-0823 埼玉県越谷市相模町3-139-1	https://m.kansetsu-life.com/saisei/index.php
Zimmer Biomet	医療法人社団 幸祥会 東整形外科	APS	〒337-0051 埼玉県さいたま市見沼区東大宮 5-34-25	https://m.kansetsu-life.com/saisei/index.php
Zimmer Biomet	東松山市立市民病院	APS	〒355-0005 埼玉県東松山市大字松山2392番地	https://m.kansetsu-life.com/saisei/index.php
Zimmer Biomet	医療法人本庄福島病院 本庄総合病院	APS	〒367-0031 埼玉県本庄市北堀1780	https://m.kansetsu-life.com/saisei/index.php
Zimmer Biomet	まつだ整形外科クリニック	APS	〒360-0203 埼玉県熊谷市弥藤吾180-1	https://m.kansetsu-life.com/saisei/index.php
Zimmer Biomet	医療法人社団 愛友会 三郷中央総合病院	APS	〒341-8526 埼玉県三郷市中央4-5-1	https://m.kansetsu-life.com/saisei/index.php
Zimmer Biomet	医療法人社団淳英会 おゆみの中央病院	APS	〒266-0033 千葉県千葉市緑区おゆみ野南6丁目49番地9	https://m.kansetsu-life.com/saisei/index.php
Zimmer Biomet	医療法人平成博愛会 印西総合病院	APS	〒270-1339 千葉県印西市牧の台1-1-1	https://m.kansetsu-life.com/saisei/index.php
Zimmer Biomet	奏の杜整形外科	APS	〒275-0026 千葉県習志野市谷津7丁目7-1 Loharu津田沼4階 ドクターズスクエア	https://m.kansetsu-life.com/saisei/index.php
Zimmer Biomet	医療法人鉄蕉会 亀田総合病院 スポーツ医学科	APS	〒296-8602 千葉県鴨川市東町929	https://m.kansetsu-life.com/saisei/index.php
Zimmer Biomet	国際医療福祉大学市川総合病院	APS	〒272-8513 千葉県市川市菅野5-11-13	https://m.kansetsu-life.com/saisei/index.php
Zimmer Biomet	医療法人社団 明敬会 重城病院	APS	〒292-0003 千葉県木更津市万石341-1	https://m.kansetsu-life.com/saisei/index.php
Zimmer Biomet	社会医療法人社団 蛍水会 名戸ヶ谷病院	APS	〒277-0084 千葉県柏市新柏2-1-1	https://m.kansetsu-life.com/saisei/index.php
Zimmer Biomet	医療法人社団南洲会 南洲会勝浦クリニック	APS	〒299-5225 千葉県勝浦市墨名485-252	https://m.kansetsu-life.com/saisei/index.php
Zimmer Biomet	医療法人社団慈宏会 まさき整形外科	APS	〒272-0111 千葉県市川市妙典4-3-10 ベルメゾン 1F	https://m.kansetsu-life.com/saisei/index.php
Zimmer Biomet	医療法人社団 博栄会 赤羽中央総合病院	APS	〒115-0042 東京都北区志茂一丁目19番14号	https://m.kansetsu-life.com/saisei/index.php
Zimmer Biomet	アットホーム表参道クリニック	APS	〒107-0061 東京都港区北青山2-12-31 第3イノセビル 2階・地下1階	https://m.kansetsu-life.com/saisei/index.php
Zimmer Biomet	医療法人社団松和会 池上総合病院	APS	〒146-8531 東京都大田区池上6-1-19	https://m.kansetsu-life.com/saisei/index.php
Zimmer Biomet	医療法人社団青和会 井上整形外科	APS	〒111-0032 東京都台東区浅草4-41-6	https://m.kansetsu-life.com/saisei/index.php
Zimmer Biomet	医療法人社団潮友会 うしお病院	APS	〒196-0021 東京都昭島市武蔵野2丁目7-12	https://m.kansetsu-life.com/saisei/index.php
Zimmer Biomet	医療法人社団晴朗会 運動器クリニック 市ヶ谷	APS	〒102-0076 東京都千代田区五番町2-9 ESCALIER五番町 1F	https://m.kansetsu-life.com/saisei/index.php
Zimmer Biomet	医療法人湘美会 SBC整形外科クリニック西新宿本院	APS	〒160-0023 東京都新宿区西新宿7-21-3 西新宿大京ビル7F	https://m.kansetsu-life.com/saisei/index.php
Zimmer Biomet	学校法人SBC東京医療大学附属 SBC整形外科クリニック新小岩院	APS	〒133-0044 東京都江戸川区本一色1-21-3	https://m.kansetsu-life.com/saisei/index.php
Zimmer Biomet	医療法人社団白鳳会 大角医院	APS	〒177-0044 東京都練馬区上石神井4-3-23	https://m.kansetsu-life.com/saisei/index.php
Zimmer Biomet	医療法人社団 大山整形外科診療所	APS	〒192-0045 東京都八王子市大和田町3-8-7	https://m.kansetsu-life.com/saisei/index.php
Zimmer Biomet	医療法人財団 荻窪病院	APS	〒167-0035 東京都杉並区今川3丁目1番24号	https://m.kansetsu-life.com/saisei/index.php
Zimmer Biomet	お茶の水セルクリニック	APS	〒101-0062 東京都千代田区神田駿河台4-1-1 ウエルトンビル2F	https://m.kansetsu-life.com/saisei/index.php
Zimmer Biomet	医療法人社団MIG 金町慶友整形外科リウマチ科内科	APS	〒125-0042 東京都葛飾区金町6-4-3 金町メディカルモール2F	https://m.kansetsu-life.com/saisei/index.php
Zimmer Biomet	紀尾井町プラザクリニック	PRP	〒102-0094 東京都千代田区紀尾井町3-12 紀尾井町ビル2F	https://m.kansetsu-life.com/saisei/index.php
Zimmer Biomet	狛江はく整形外科	APS	〒201-0012 東京都狛江市中和泉5-32-8 プリマベーラ1階	https://m.kansetsu-life.com/saisei/index.php
Zimmer Biomet	三軒茶屋整形外科・スポーツクリニック	APS	〒154-0024 東京都世田谷区三軒茶屋1-37-2 SANCHA4階	https://m.kansetsu-life.com/saisei/index.php
Zimmer Biomet	順天堂大学医学部附属順天堂医院	APS	〒113-8431 東京都文京区本郷3-1-3	https://m.kansetsu-life.com/saisei/index.php
Zimmer Biomet	医療法人社団SEISEN清泉クリニック整形外科 東京五反田	APS	〒141-0022 東京都品川区東五反田2-3-5 五反田中央ビル2階	https://m.kansetsu-life.com/saisei/index.php
Zimmer Biomet	世田谷かくた整形外科 成城学園前院	APS	〒157-0066 東京都世田谷区成城2-40-9 成城サウスサイド1階	https://m.kansetsu-life.com/saisei/index.php
Zimmer Biomet	世田谷人工関節・脊椎クリニック	APS	〒157-0062 東京都世田谷区南烏山6丁目36-6 1F	https://m.kansetsu-life.com/saisei/index.php
Zimmer Biomet	医療法人社団 慶晃会 世田谷玉川 整形外科 内科 クリニック	APS	〒158-0093 東京都世田谷区上野毛1-9-11	https://m.kansetsu-life.com/saisei/index.php
Zimmer Biomet	髙見澤整形外科クリニック	APS	〒184-0002 東京都小金井市梶野町5丁目11-5 PUPPIS PLAZA 2F	https://m.kansetsu-life.com/saisei/index.php
Zimmer Biomet	つかもと整形外科醫院	APS	〒157-0071 東京都世田谷区千歳台2丁目14-7 千歳クリニックモール2F	https://m.kansetsu-life.com/saisei/index.php
Zimmer Biomet	医療法人社団デポルテ 祐天寺整形外科クリニック	APS	〒153-0052 東京都目黒区祐天寺2-8-16 祐天寺KITビル2階	https://m.kansetsu-life.com/saisei/index.php
Zimmer Biomet	独立行政法人国立病院機構 東京医療センター	APS	〒152-8902 東京都目黒区東が丘2-5-1	https://m.kansetsu-life.com/saisei/index.php
Zimmer Biomet	医療法人社団 洪泳会 東京洪誠病院	APS	〒123-0843 東京都足立区西新井栄町1-17-25	https://m.kansetsu-life.com/saisei/index.php
Zimmer Biomet	社会福祉法人白十字会 東京白十字病院	APS	〒189-0021 東京都東村山市諏訪町2-26-1	https://m.kansetsu-life.com/saisei/index.php
Zimmer Biomet	医療法人社団活寿会 東京ひざ関節症クリニック銀座院	APS	〒104-0061 東京都中央区銀座5-3-12 壹番館ビル 7F	https://m.kansetsu-life.com/saisei/index.php
Zimmer Biomet	東京メディカル＆サージカルクリニック	PRP	〒105-0011 東京都港区芝公園 3-4-30 32芝公園ビル 2階	https://m.kansetsu-life.com/saisei/index.php
Zimmer Biomet	医療法人社団ナグモ会 ナグモクリニック	APS	〒102-0075 東京都千代田区三番町3-10 乳房再建センタービル	https://m.kansetsu-life.com/saisei/index.php
Zimmer Biomet	成増慶友整形外科リウマチ科	APS	〒175-0094 東京都板橋区成増1-27-2	https://m.kansetsu-life.com/saisei/index.php
Zimmer Biomet	学校法人日本医科大学 日本医科大学付属病院	APS	〒113-8603 東京都文京区千駄木1-1-5	https://m.kansetsu-life.com/saisei/index.php
Zimmer Biomet	医療法人社団スポーツメディカル 八王子スポーツ整形外科	APS	〒192-0085 東京都八王子市中町5-1 八王子中町ビル4Ｆ	https://m.kansetsu-life.com/saisei/index.php
Zimmer Biomet	医療法人社団厚潤会 日野駅前病院	APS	〒191-0011 東京都日野市日野本町3丁目14-15	https://m.kansetsu-life.com/saisei/index.php
Zimmer Biomet	医療法人社団山本・前田記念会 前田病院	APS	〒203-0054 東京都東久留米市中央町5-13-34	https://m.kansetsu-life.com/saisei/index.php
Zimmer Biomet	医療法人社団慶優会 増本整形外科クリニック	APS	〒167-0051 東京都杉並区荻窪5-30-17 豊栄荻窪ステーションプラザ1Ｆ	https://m.kansetsu-life.com/saisei/index.php
Zimmer Biomet	目黒ひざ＆形成外科クリニック	APS	〒141-0021 東京都品川区上大崎2-13-26 メイプルトップビル6F	https://m.kansetsu-life.com/saisei/index.php
Zimmer Biomet	医療法人社団菫会 目黒病院	APS	〒152-0001 東京都目黒区中央町2-12-6	https://m.kansetsu-life.com/saisei/index.php
Zimmer Biomet	横浜町田関節脊椎病院	APS	〒194-0002 東京都町田市南つくし野3丁目1-2	https://m.kansetsu-life.com/saisei/index.php
Zimmer Biomet	医療法人社団秀慈会 リバーシティすずき整形外科	APS	〒104-0051 東京都中央区佃1-11-8 リバーシティ21 ピアウエストスクエア 2階	https://m.kansetsu-life.com/saisei/index.php
Zimmer Biomet	医療法人緑樹会 あおば整形外科	APS	〒227-0054 神奈川県横浜市青葉区しらとり台1-12 グリーングラスビル1F	https://m.kansetsu-life.com/saisei/index.php
Zimmer Biomet	いしずえ整形外科	APS	〒244-0003 神奈川県横浜市戸塚区戸塚町99 ポルテサクラ2F	https://m.kansetsu-life.com/saisei/index.php
Zimmer Biomet	イノルト整形外科 痛みと骨粗鬆症クリニック	APS	〒251-0024 神奈川県藤沢市鵠沼橘1-1-1 第2外岡ビル 3階	https://m.kansetsu-life.com/saisei/index.php
Zimmer Biomet	医療法人愛仁会 太田総合病院	APS	〒210-0024 神奈川県川崎市川崎区日進町1-50	https://m.kansetsu-life.com/saisei/index.php
Zimmer Biomet	社会医療法人財団互恵会 大船中央病院	APS	〒247-0056 神奈川県鎌倉市大船6-2-24	https://m.kansetsu-life.com/saisei/index.php
Zimmer Biomet	センター南GOTOクリニック	APS	〒224-0032 神奈川県横浜市都筑区茅ヶ崎中央1-2 センター南 光ビル4F	https://m.kansetsu-life.com/saisei/index.php
Zimmer Biomet	学校法人東海大学 東海大学医学部付属病院	APS	〒259-1193 神奈川県伊勢原市下糟屋143	https://m.kansetsu-life.com/saisei/index.php
Zimmer Biomet	医療法人 二階堂整形外科クリニック	APS	〒253-0062 神奈川県茅ヶ崎市浜見平3-1 BRANCH茅ヶ崎2-1階	https://m.kansetsu-life.com/saisei/index.php
Zimmer Biomet	医療法人財団明理会 東戸塚記念病院	APS	〒244-0801 神奈川県横浜市戸塚区品濃町548-7	https://m.kansetsu-life.com/saisei/index.php
Zimmer Biomet	医療法人社団三穂会 三宅整形外科小児科クリニック	APS	〒239-0822 神奈川県横須賀市浦賀5-2-3	https://m.kansetsu-life.com/saisei/index.php
Zimmer Biomet	横須賀市立市民病院	APS	〒240-0195 神奈川県横須賀市長坂1-3-2	https://m.kansetsu-life.com/saisei/index.php
Zimmer Biomet	社会福祉法人恩賜財団 済生会支部神奈川県 済生会横浜市東部病院	APS	〒230-8765 神奈川県横浜市鶴見区下末吉3-6-1	https://m.kansetsu-life.com/saisei/index.php
Zimmer Biomet	医療法人よこはまTSC 横浜たまプラーザ運動器スポーツクリニック	APS	〒225-0002 神奈川県横浜市青葉区美しが丘2-14-9 MMPたまプラーザ1階	https://m.kansetsu-life.com/saisei/index.php
Zimmer Biomet	医療法人社団ibis こばり坂クリニック	APS	〒950-2011 新潟県新潟市西区小針上山10-34	https://m.kansetsu-life.com/saisei/index.php
Zimmer Biomet	国立大学法人 新潟大学医歯学総合病院	APS	〒951-8520 新潟県新潟市中央区旭町通1番町754	https://m.kansetsu-life.com/saisei/index.php
Zimmer Biomet	整形外科センター 西能クリニック	APS	〒930-0866 富山県富山市高田71番地1	https://m.kansetsu-life.com/saisei/index.php
Zimmer Biomet	医療法人弘昭会 大森整形外科リウマチ科	APS	〒918-8205 福井県福井市北四ッ居3-14-12	https://m.kansetsu-life.com/saisei/index.php
Zimmer Biomet	市立甲府病院	APS	〒400-0832 山梨県甲府市増坪町366番地	https://m.kansetsu-life.com/saisei/index.php
Zimmer Biomet	東甲府医院	APS	〒400-0803 山梨県甲府市桜井町299	https://m.kansetsu-life.com/saisei/index.php
Zimmer Biomet	独立行政法人地域医療機能推進機構 山梨病院	APS	〒400-0025 山梨県甲府市朝日三丁目11-16	https://m.kansetsu-life.com/saisei/index.php
Zimmer Biomet	佐久市立国保 浅間総合病院	APS	〒385-8558 長野県佐久市岩村田1862-1	https://m.kansetsu-life.com/saisei/index.php
Zimmer Biomet	社会医療法人 栗山会 飯田病院	APS	〒395-8505 長野県飯田市大通1丁目15番地	https://m.kansetsu-life.com/saisei/index.php
Zimmer Biomet	笠間整形外科医院	APS	〒381-2215 長野県長野市稲里町中氷鉋973-1	https://m.kansetsu-life.com/saisei/index.php
Zimmer Biomet	医療法人直佳会 森ロコモクリニック	APS	〒386-1214 長野県上田市下之郷乙346-7	https://m.kansetsu-life.com/saisei/index.php
Zimmer Biomet	国立大学法人東海国立大学機構 岐阜大学医学部附属病院	APS	〒501-1194 岐阜県岐阜市柳戸1-1	https://m.kansetsu-life.com/saisei/index.php
Zimmer Biomet	しずおか整形外科病院	APS	〒420-0821 静岡県静岡市葵区柚木90-1	https://m.kansetsu-life.com/saisei/index.php
Zimmer Biomet	清水サルバス整形外科・糖尿病内分泌クリニック	APS	〒424-0862 静岡県清水市清水区船越東町180-9	https://m.kansetsu-life.com/saisei/index.php
Zimmer Biomet	医療法人社団明徳会 十全記念病院	APS	〒434-0042 静岡県浜松市浜北区小松1700	https://m.kansetsu-life.com/saisei/index.php
Zimmer Biomet	学校法人順天堂 順天堂大学医学部附属静岡病院	APS	〒410-2295 静岡県伊豆の国市長岡1129	https://m.kansetsu-life.com/saisei/index.php
Zimmer Biomet	鈴木整形外科スポーツクリニック	APS	〒430-0907 静岡県浜松市中区高林4-6-14	https://m.kansetsu-life.com/saisei/index.php
Zimmer Biomet	社会福祉法人 聖隷福祉事業団 総合病院 聖隷浜松病院	APS	〒430-8558 静岡県浜松市中区住吉2-12-12	https://m.kansetsu-life.com/saisei/index.php
Zimmer Biomet	浜本整形外科医院	APS	〒420-0805 静岡県静岡市葵区城北40－5	https://m.kansetsu-life.com/saisei/index.php
Zimmer Biomet	医療法人社団志隆 ふくだ整形外科リウマチ科	APS	〒420-0871 静岡県静岡市葵区昭府2丁目18-38	https://m.kansetsu-life.com/saisei/index.php
Zimmer Biomet	医療法人社団平成会 藤枝平成記念病院	APS	〒426-8662 静岡県藤枝市水上123番地1号	https://m.kansetsu-life.com/saisei/index.php
Zimmer Biomet	医療法人全医会 伊藤整形・内科 あいちスポーツ・人工関節クリニック	APS	〒480-0102 愛知県丹羽郡扶桑町高雄郷東41	https://m.kansetsu-life.com/saisei/index.php
Zimmer Biomet	医療法人絢南会 かすがい関節・スポーツ整形外科いたみのクリニック	APS	〒486-0807 愛知県春日井市大手町4-7-1	https://m.kansetsu-life.com/saisei/index.php
Zimmer Biomet	えさき整形外科 リウマチ科	APS	〒457-0003 愛知県名古屋市南区鶴田1-7-26	https://m.kansetsu-life.com/saisei/index.php
Zimmer Biomet	医療法人桂名会 重工大須病院	APS	〒460-0017 愛知県名古屋市中区松原2-17-5	https://m.kansetsu-life.com/saisei/index.php
Zimmer Biomet	医療法人 豊田整形外科	APS	〒471-0823 愛知県豊田市今町6-24-1	https://m.kansetsu-life.com/saisei/index.php
Zimmer Biomet	学校法人藤田学園 藤田医科大学病院	APS	〒470-1192 愛知県豊明市沓掛町田楽ヶ窪1番地98	https://m.kansetsu-life.com/saisei/index.php
Zimmer Biomet	松阪市民病院	APS	〒515-8544 三重県松阪市殿町1550番地	https://m.kansetsu-life.com/saisei/index.php
Zimmer Biomet	長浜赤十字病院	APS	〒526-8585 滋賀県長浜市宮前町14番7号	https://m.kansetsu-life.com/saisei/index.php
Zimmer Biomet	宇治武田病院	APS	〒611-0021 京都府宇治市宇治里尻36-26	https://m.kansetsu-life.com/saisei/index.php
Zimmer Biomet	医療法人社団親和会 京都木原病院	APS	〒601-8413 京都府京都市南区西九条春日町5-1	https://m.kansetsu-life.com/saisei/index.php
Zimmer Biomet	医療法人社団順和会 京都下鴨病院	APS	〒606-0866 京都府京都市左京区下鴨東森ケ前町17	https://m.kansetsu-life.com/saisei/index.php
Zimmer Biomet	医療法人藍整会 なか整形外科 京都西院リハビリテーションクリニック	APS	〒615-0012 京都府京都市右京区西院高山寺町13 西院阪急ビル3F	https://m.kansetsu-life.com/saisei/index.php
Zimmer Biomet	中山整形外科クリニック	APS	〒612-8083 京都府京都市伏見区京町9丁目40	https://m.kansetsu-life.com/saisei/index.php
Zimmer Biomet	松木整形外科クリニック	APS	〒606-0019 京都府京都市左京区岩倉南河原町151-1	https://m.kansetsu-life.com/saisei/index.php
Zimmer Biomet	ISクリニック	PRP	〒550-0004 大阪府大阪市西区靭本町1-7-9 靭イーストビル1F	https://m.kansetsu-life.com/saisei/index.php
Zimmer Biomet	医療法人朝雲会 あさぐも整形外科クリニック	APS	〒594-0041 大阪府和泉市いぶき野5-1-2 pivo和泉中央2F	https://m.kansetsu-life.com/saisei/index.php
Zimmer Biomet	医療法人新和会 朝田整形外科	APS	〒586-0024 大阪府河内長野市西之山町10-29	https://m.kansetsu-life.com/saisei/index.php
Zimmer Biomet	医療法人荒巻会 あらまき整形外科クリニック	APS	〒591-8025 大阪府堺市北区長曽根町3084-21	https://m.kansetsu-life.com/saisei/index.php
Zimmer Biomet	医療法人医誠会 医誠会国際総合病院	APS	〒530-0052 大阪府大阪市北区南扇町4−14	https://m.kansetsu-life.com/saisei/index.php
Zimmer Biomet	医療法人井上会 井上整形外科	APS	〒536-0022 大阪府大阪市城東区永田2丁目6番29号	https://m.kansetsu-life.com/saisei/index.php
Zimmer Biomet	医療法人社団彦星会 岩橋クリニック	APS	〒564-0073 大阪府吹田市山手町2-6-6	https://m.kansetsu-life.com/saisei/index.php
Zimmer Biomet	医療法人錦秀会インフュージョンクリニック	APS	〒530-0011 大阪府大阪市北区大深町3-1 グランフロント大阪タワーB 9階	https://m.kansetsu-life.com/saisei/index.php
Zimmer Biomet	医療法人Ｎクリニック	APS	〒596-0045 大阪府岸和田市別所町3-10-10 2F	https://m.kansetsu-life.com/saisei/index.php
Zimmer Biomet	医療法人啓信会 大阪整形外科病院	APS	〒553-0007 大阪府大阪市福島区大開4丁目3-61	https://m.kansetsu-life.com/saisei/index.php
Zimmer Biomet	医療法人協和会 協和会病院	APS	〒564-0001 大阪府吹田市岸部北1-24-1	https://m.kansetsu-life.com/saisei/index.php
Zimmer Biomet	学校法人近畿大学 近畿大学病院	APS	〒590-0197 大阪府堺市南区三原台1丁14番1号	https://m.kansetsu-life.com/saisei/index.php
Zimmer Biomet	社会医療法人啓仁会 堺咲花病院	APS	〒590-0132 大阪府堺市南区原山台2丁7番1号	https://m.kansetsu-life.com/saisei/index.php
Zimmer Biomet	医療法人はぁとふる 運動器ケア しまだ病院	APS	〒583-0875 大阪府羽曳野市樫山100-1	https://m.kansetsu-life.com/saisei/index.php
Zimmer Biomet	医療法人春秋会 城山病院	APS	〒583-0872 大阪府羽曳野市はびきの2丁目8番1号	https://m.kansetsu-life.com/saisei/index.php
Zimmer Biomet	医療法人良花会 整形外科とくはらクリニック	APS	〒538-0052 大阪府大阪市鶴見区横堤3-6-40	https://m.kansetsu-life.com/saisei/index.php
Zimmer Biomet	医療法人誠真会 関目病院	PRP	〒536-0008 大阪府大阪市城東区関目2-13-13	https://m.kansetsu-life.com/saisei/index.php
Zimmer Biomet	医療法人再生会 そばじまクリニック	PRP	〒577-0011 大阪府東大阪市荒本北2-2-6 クリニックコート東野1F・2F	https://m.kansetsu-life.com/saisei/index.php
Zimmer Biomet	たけうち整形外科リウマチ科	APS	〒565-0862 大阪府吹田市津雲台5丁目11-1-1 グローバルビレッジ津雲台 つくもゲート3階	https://m.kansetsu-life.com/saisei/index.php
Zimmer Biomet	社会医療法人信愛会 畷生会脳神経外科病院	APS	〒575-8511 大阪府四條畷市中野本町28-1	https://m.kansetsu-life.com/saisei/index.php
Zimmer Biomet	社会医療法人 寿会 富永病院	APS	〒556-0017 大阪府大阪市浪速区湊町1‐4‐48	https://m.kansetsu-life.com/saisei/index.php
Zimmer Biomet	医療法人讃高会 枚方東整形外科病院	APS	〒573-0126 大阪府枚方市津田西町1-37-8	https://m.kansetsu-life.com/saisei/index.php
Zimmer Biomet	医療法人亮星会 ほしやま整形外科医院	APS	〒530-0001 大阪府大阪市北区梅田1-8-16 ヒルトンプラザイースト5F	https://m.kansetsu-life.com/saisei/index.php
Zimmer Biomet	医療法人凉庵会 整形外科吉田クリニック	APS	〒545-0021 大阪府大阪市阿倍野区阪南町2-20-16	https://m.kansetsu-life.com/saisei/index.php
Zimmer Biomet	大井クリニック	APS	〒662-0024 兵庫県西宮市名次町5-24	https://m.kansetsu-life.com/saisei/index.php
Zimmer Biomet	医療法人財団 神戸海星病院	APS	〒657-0068 兵庫県神戸市灘区篠原北町3丁目11番15号	https://m.kansetsu-life.com/saisei/index.php
Zimmer Biomet	すがぬま整形外科クリニック	APS	〒662-0854 兵庫県西宮市櫨塚町5-12 メルヘンハウス1F	https://m.kansetsu-life.com/saisei/index.php
Zimmer Biomet	医療法人社団高遼会 整形外科 たかひろクリニック	APS	〒663-8107 兵庫県西宮市瓦林町20番11号	https://m.kansetsu-life.com/saisei/index.php
Zimmer Biomet	医療法人社団 佳和会 中山クリニック	APS	〒674-0071 兵庫県明石市魚住町金ケ崎370	https://m.kansetsu-life.com/saisei/index.php
Zimmer Biomet	医療法人社団リハケア会 西川整形外科リハビリクリニック	APS	〒661-0031 兵庫県尼崎市武庫之荘本町1-1-4	https://m.kansetsu-life.com/saisei/index.php
Zimmer Biomet	ひろクリニック	APS	〒650-0034 兵庫県神戸市中央区京町70 松岡ビル2F	https://m.kansetsu-life.com/saisei/index.php
Zimmer Biomet	医療法人社団慶愛会 森口整形外科	APS	〒664-0882 兵庫県伊丹市鈴原町1丁目9番3号	https://m.kansetsu-life.com/saisei/index.php
Zimmer Biomet	やす整形外科クリニック	APS	〒673-0012 兵庫県明石市和坂12-16	https://m.kansetsu-life.com/saisei/index.php
Zimmer Biomet	医療法人社団 よしだ整形外科	APS	〒664-0027 兵庫県伊丹市池尻1丁目202-2	https://m.kansetsu-life.com/saisei/index.php
Zimmer Biomet	社会医療法人 高清会 香芝旭ヶ丘病院	APS	〒639-0265 奈良県香芝市上中839番地	https://m.kansetsu-life.com/saisei/index.php
Zimmer Biomet	近畿大学奈良病院	APS	〒630-0293 奈良県生駒市乙田町1248-1	https://m.kansetsu-life.com/saisei/index.php
Zimmer Biomet	社会福祉法人恩賜財団 済生会奈良病院	APS	〒630-8145 奈良県奈良市八条４丁目643番地	https://m.kansetsu-life.com/saisei/index.php
Zimmer Biomet	一般財団法人 沢井病院	APS	〒630-8258 奈良県奈良市船橋町8	https://m.kansetsu-life.com/saisei/index.php
Zimmer Biomet	医療法人和幸会 阪奈中央病院	PRP	〒630-0243 奈良県生駒市俵口町741	https://m.kansetsu-life.com/saisei/index.php
Zimmer Biomet	海南医療センター	APS	〒642-0002 和歌山県海南市日方1522番地1	https://m.kansetsu-life.com/saisei/index.php
Zimmer Biomet	社会医療法人黎明会 北出病院	APS	〒644-0011 和歌山県御坊市湯川町財部728-4	https://m.kansetsu-life.com/saisei/index.php
Zimmer Biomet	社会福祉法人 琴の浦リハビリテーションセンター附属病院	APS	〒641-0014 和歌山県和歌山市毛見1451番地	https://m.kansetsu-life.com/saisei/index.php
Zimmer Biomet	鳥取大学医学部附属病院	APS	〒683-8504 鳥取県米子市西町36-1	https://m.kansetsu-life.com/saisei/index.php
Zimmer Biomet	やまもと整形外科クリニック	APS	〒690-0045 島根県松江市乃白町2061番地	https://m.kansetsu-life.com/saisei/index.php
Zimmer Biomet	医療法人社団河合会 新倉敷メディカルスクエア	APS	〒713-8102 岡山県倉敷市玉島1719	https://m.kansetsu-life.com/saisei/index.php
Zimmer Biomet	池田整形外科リハビリテーションクリニック	APS	〒732-0014 広島県広島市東区戸坂大上4丁目29番13号	https://m.kansetsu-life.com/saisei/index.php
Zimmer Biomet	医療法人社団飛翔会 寛田クリニック	APS	〒732-0827 広島県広島市南区稲荷町3番20号	https://m.kansetsu-life.com/saisei/index.php
Zimmer Biomet	社会医療法人 里仁会 興生総合病院	APS	〒723-8686 広島県三原市円一町2丁目5番1号	https://m.kansetsu-life.com/saisei/index.php
Zimmer Biomet	独立行政法人労働者健康福祉機構 中国労災病院	APS	〒737-0193 広島県呉市広多賀谷1-5-1	https://m.kansetsu-life.com/saisei/index.php
Zimmer Biomet	医療法人社団まりも会 ヒロシマ平松病院	APS	〒732-0816 広島県広島市南区比治山本町11-27	https://m.kansetsu-life.com/saisei/index.php
Zimmer Biomet	医療法人エム・エム会 マッターホルンリハビリテーション病院	APS	〒737-0046 広島県呉市中通1-5-25	https://m.kansetsu-life.com/saisei/index.php
Zimmer Biomet	厚生農業協同組合連合会 小郡第一総合病院	APS	〒754-0075 山口県山口市小郡中央通8-1	https://m.kansetsu-life.com/saisei/index.php
Zimmer Biomet	髙木整形外科医院	APS	〒773-0003 徳島県小松島市松島町8-23	https://m.kansetsu-life.com/saisei/index.php
Zimmer Biomet	医療法人松岡会 やましろクリニック	APS	〒770-8054 徳島県徳島市山城西4-47	https://m.kansetsu-life.com/saisei/index.php
Zimmer Biomet	医療法人社団 永井整形外科医院	APS	〒762-0025 香川県坂出市川津町2730番地	https://m.kansetsu-life.com/saisei/index.php
Zimmer Biomet	国立大学法人 愛媛大学医学部附属病院	APS	〒791-0295 愛媛県東温市志津川454	https://m.kansetsu-life.com/saisei/index.php
Zimmer Biomet	社会医療法人石川記念会 HITO病院	APS	〒799-0121 愛媛県四国中央市上分町788番地1	https://m.kansetsu-life.com/saisei/index.php
Zimmer Biomet	高知大学医学部附属病院	PRP	〒783-8505 高知県南国市岡豊町小蓮185-1	https://m.kansetsu-life.com/saisei/index.php
Zimmer Biomet	近森会グループ 近森病院	APS	〒780-8522 高知県高知市大川筋1丁目1-16	https://m.kansetsu-life.com/saisei/index.php
Zimmer Biomet	医療法人緑風会 海里マリン病院	APS	〒781-0112 高知県高知市仁井田1617-5	https://m.kansetsu-life.com/saisei/index.php
Zimmer Biomet	社会医療法人北九州病院 北九州総合病院	APS	〒802-8517 福岡県北九州市小倉北区東城野町1-1	https://m.kansetsu-life.com/saisei/index.php
Zimmer Biomet	後藤整形外科医院	APS	〒810-0053 福岡県福岡市中央区鳥飼1-5-45	https://m.kansetsu-life.com/saisei/index.php
Zimmer Biomet	医療法人秀英会 新庄整形外科医院	APS	〒808-0102 福岡県北九州市若松区東二島4-1-1	https://m.kansetsu-life.com/saisei/index.php
Zimmer Biomet	医療法人オアシス 福岡志恩病院	APS	〒838-0101 福岡県小郡市美鈴が丘1-5-3	https://m.kansetsu-life.com/saisei/index.php
Zimmer Biomet	医療法人同信会 福岡整形外科病院	APS	〒815-0063 福岡県福岡市南区柳河内2丁目10-50	https://m.kansetsu-life.com/saisei/index.php
Zimmer Biomet	地方独立行政法人 佐賀県医療センター好生館	APS	〒840-8571 佐賀県佐賀市嘉瀬町中原400	https://m.kansetsu-life.com/saisei/index.php
Zimmer Biomet	医療法人尽心会 百武整形外科・スポーツクリニック	APS	〒840-0054 佐賀県佐賀市水ヶ江4丁目2-15	https://m.kansetsu-life.com/saisei/index.php
Zimmer Biomet	社会医療法人財団白十字会 佐世保中央病院	APS	〒857-1195 長崎県佐世保市大和町15	https://m.kansetsu-life.com/saisei/index.php
Zimmer Biomet	医療法人 増田整形外科	APS	〒857-0042 長崎県佐世保市高砂町4-21	https://m.kansetsu-life.com/saisei/index.php
Zimmer Biomet	一般社団法人天草郡市医師会立 天草地域医療センター	APS	〒863-0046 熊本県天草市亀場町食場854-1	https://m.kansetsu-life.com/saisei/index.php
Zimmer Biomet	医療法人回生会 リハビリテーションセンター 熊本回生会病院	APS	〒861-3193 熊本県上益城郡嘉島町鯰1880	https://m.kansetsu-life.com/saisei/index.php
Zimmer Biomet	医療法人相生会 にしくまもと病院	APS	〒861-4157 熊本県熊本市南区富合町古閑1012	https://m.kansetsu-life.com/saisei/index.php
Zimmer Biomet	医療法人社団唱和会 明野中央病院	APS	〒870-0161 大分県大分市明野東2丁目7番33号	https://m.kansetsu-life.com/saisei/index.php
Zimmer Biomet	医療法人博慈会 内田病院	APS	〒874-0938 大分県別府市末広町3番1号	https://m.kansetsu-life.com/saisei/index.php
Zimmer Biomet	医療法人恵愛会 中村病院	PRP	〒874-0937 大分県別府市秋葉町8番24号	https://m.kansetsu-life.com/saisei/index.php
Zimmer Biomet	医療法人社団光学堂 あたご整形外科	APS	〒882-0872 宮崎県延岡市愛宕町3丁目161	https://m.kansetsu-life.com/saisei/index.php
Zimmer Biomet	Ｍスポーツ整形外科クリニック	PRP	〒880-0903 宮崎県宮崎市太田4-2-16	https://m.kansetsu-life.com/saisei/index.php
Zimmer Biomet	整形外科 押領司病院	APS	〒886-0004 宮崎県小林市細野162番地1	https://m.kansetsu-life.com/saisei/index.php
Zimmer Biomet	医療法人術徳会 霧島整形外科／霧島整形外科クリニック	APS	〒899-4341 鹿児島県霧島市国分野口東8-31	https://m.kansetsu-life.com/saisei/index.php
Zimmer Biomet	医療法人クオラ クオラリハビリテーション病院あいら	APS	〒899-5431 鹿児島県姶良市西餅田2300番地1	https://m.kansetsu-life.com/saisei/index.php
Zimmer Biomet	公益社団法人鹿児島共済会 南風病院	APS	〒892-8512 鹿児島県鹿児島市長田町14番3号	https://m.kansetsu-life.com/saisei/index.php
Zimmer Biomet	医療法人八重瀬会 同仁病院	APS	〒901-2133 沖縄県浦添市城間1-37-12	https://m.kansetsu-life.com/saisei/index.php
