plan_id,facility,prefecture,treatment_class,rescue_status,source_label,source_url,amount,tax,unit,score,line,excerpt
V41_02C2601085,医療法人社団　順徳会　下総中山整形外科クリニック,千葉県,脂肪由来幹細胞,NO_PRICE,資料2,https://saiseiiryo.mhlw.go.jp/published_plan/download/02C2601085/5/1,500000,税別,1回,6,55万円(税抜50万円),費用 1関節1回投与 55万円(税抜50万円) 2関節1回投与 77万円(税抜70万円)
V41_02C2601085,医療法人社団　順徳会　下総中山整形外科クリニック,千葉県,脂肪由来幹細胞,NO_PRICE,資料2,https://saiseiiryo.mhlw.go.jp/published_plan/download/02C2601085/5/1,550000,税別,1回,6,55万円(税抜50万円),費用 1関節1回投与 55万円(税抜50万円) 2関節1回投与 77万円(税抜70万円)
V41_02C2601085,医療法人社団　順徳会　下総中山整形外科クリニック,千葉県,脂肪由来幹細胞,NO_PRICE,資料2,https://saiseiiryo.mhlw.go.jp/published_plan/download/02C2601085/5/1,700000,税別,1回,2,77万円(税抜70万円),55万円(税抜50万円) 2関節1回投与 77万円(税抜70万円) 1関節2回投与 77万円(税抜70万円)
V41_02C2601085,医療法人社団　順徳会　下総中山整形外科クリニック,千葉県,脂肪由来幹細胞,NO_PRICE,資料2,https://saiseiiryo.mhlw.go.jp/published_plan/download/02C2601085/5/1,770000,税別,1回,2,77万円(税抜70万円),55万円(税抜50万円) 2関節1回投与 77万円(税抜70万円) 1関節2回投与 77万円(税抜70万円)
V41_02C2601086,医療法人社団　順徳会　下総中山整形外科クリニック,千葉県,PRP,STRONG,資料3,https://saiseiiryo.mhlw.go.jp/published_plan/download/02C2601086/5/2,55000,税別,両側,13,"PRPを用いた投与1回分(1部位) 55,000円(税抜50,000","のPRPを製造いたします。両側(左右)同時に投与する場合は、投 与2回分となります。 PRPを用いた投与1回分(1部位) 55,000円(税抜50,000 円) (別途、検査費用をご負担いただきます。)"
V41_02C2601087,医療法人社団　順徳会　下総中山整形外科クリニック,千葉県,PRP,STRONG,資料3,https://saiseiiryo.mhlw.go.jp/published_plan/download/02C2601087/5/2,55000,税別,3回分,13,"PRPを用いた投与1回分(1部位) 55,000円(税抜 50,000","(60mL)につき、投与3回分(各投与約2mL、最大で約6mL)の PRPを製造いたします。 PRPを用いた投与1回分(1部位) 55,000円(税抜 50,000 円) (別途、検査費用をご負担いただきます。)"
V41_02E2509003,社会医療法人黎明会　北出病院,和歌山県,脂肪由来幹細胞,NO_PRICE,資料1,https://saiseiiryo.mhlw.go.jp/published_plan/download/02E2509003/5/0,660000,不明,2回,0,"660,000円","880,000円 2回目金額 660,000円 1回目金額 1,210,000円"
V41_02E2509003,社会医療法人黎明会　北出病院,和歌山県,脂肪由来幹細胞,NO_PRICE,資料1,https://saiseiiryo.mhlw.go.jp/published_plan/download/02E2509003/5/0,880000,不明,1回,0,"880,000円","1回目金額 880,000円 2回目金額 660,000円"
V41_02E2509003,社会医療法人黎明会　北出病院,和歌山県,脂肪由来幹細胞,NO_PRICE,資料1,https://saiseiiryo.mhlw.go.jp/published_plan/download/02E2509003/5/0,1210000,不明,1回,0,"1,210,000円","660,000円 1回目金額 1,210,000円 2回目金額 880,000円"
V41_02E2509003,社会医療法人黎明会　北出病院,和歌山県,脂肪由来幹細胞,NO_PRICE,資料1,https://saiseiiryo.mhlw.go.jp/published_plan/download/02E2509003/5/0,1320000,不明,1回,0,"1,320,000円","880,000円 1回目金額 1,320,000円 2回目金額 0円"
V41_02E2509003,社会医療法人黎明会　北出病院,和歌山県,脂肪由来幹細胞,NO_PRICE,資料1,https://saiseiiryo.mhlw.go.jp/published_plan/download/02E2509003/5/0,1760000,不明,1回,0,"1,760,000円","0円 1回目金額 1,760,000円 2回目金額 0円"
V41_03C2305016,医療法人社団祐慈会　井上整形外科クリニック,埼玉県,PRP,STRONG,資料2,https://saiseiiryo.mhlw.go.jp/published_plan/download/03C2305016/5/1,300000,不明,3 回分,11,"300,000 円 (採血及び投与3 回分の費用を含む。)","施術費用は下記の通りとなります。 PRP 変形性膝関節症治療 300,000 円 (採血及び投与3 回分の費用を含む。) ・ 3 回が当クリニックさだめた治療回数です。治療間隔については症状を見ながら決めます。3 回終了後半年間の経過観察を行い、再度治療の適応があるかどうかを決めていきます。"
V41_01E2606017,医療法人信生会 Rクリニック,大阪府,脂肪由来幹細胞,STRONG,資料2,https://saiseiiryo.mhlw.go.jp/published_plan/download/01E2606017/5/1,110000,税込,両膝,13,"ASC バンキング:1 年目無料、2 年目以降は1 年につき110,000 円(税込)","約2 週間の短期間培養:追加料金550,000 円(税込) • ASC バンキング:1 年目無料、2 年目以降は1 年につき110,000 円(税込) 本治療は公的医療保険の対象外であり、全額自己負担です。両膝を治療する場合は、各膝について治療費 が発生します。脂肪採取後は、原則として直ちに輸送及び培養加工工程に入るため、脂肪採取後に同意を"
V41_01E2606017,医療法人信生会 Rクリニック,大阪府,脂肪由来幹細胞,STRONG,資料2,https://saiseiiryo.mhlw.go.jp/published_plan/download/01E2606017/5/1,550000,税込,1 億個,13,"約2 週間の短期間培養:追加料金550,000 円(税込)","1 膝・1 億個投与:2,200,000 円(税込) • 約2 週間の短期間培養:追加料金550,000 円(税込) • ASC バンキング:1 年目無料、2 年目以降は1 年につき110,000 円(税込)"
V41_01E2606017,医療法人信生会 Rクリニック,大阪府,脂肪由来幹細胞,STRONG,資料2,https://saiseiiryo.mhlw.go.jp/published_plan/download/01E2606017/5/1,2200000,税込,1 億個,1,"1 膝・1 億個投与:2,200,000 円(税込)","別紙2.費用、短期間培養及び返金 • 1 膝・1 億個投与:2,200,000 円(税込) • 約2 週間の短期間培養:追加料金550,000 円(税込)"
V41_01E2307007,医療法人光明会　もりあきクリニック,大阪府,PRP,STRONG,資料2,https://saiseiiryo.mhlw.go.jp/published_plan/download/01E2307007/5/1,40800,税込,,13,"PRP 1ml/採血量 約10ml =40,800円(消費税込)","る場合があります。 □ 本治療にかかる費用は以下の通りです。 PRP 1ml/採血量 約10ml =40,800円(消費税込) PRP 2ml/採血量 約20ml =62,800円(消費税込) □ 細胞提供者と受領者(施術対象者)は同一人のため、細胞提供者"
V41_01E2307007,医療法人光明会　もりあきクリニック,大阪府,PRP,STRONG,資料2,https://saiseiiryo.mhlw.go.jp/published_plan/download/01E2307007/5/1,62800,税込,,13,"PRP 2ml/採血量 約20ml =62,800円(消費税込)","□ 本治療にかかる費用は以下の通りです。 PRP 1ml/採血量 約10ml =40,800円(消費税込) PRP 2ml/採血量 約20ml =62,800円(消費税込) □ 細胞提供者と受領者(施術対象者)は同一人のため、細胞提供者 の選択は行いません。"
V41_01E2302002,医療法人恒晴会　心斎橋ペインクリニック,大阪府,PRP,STRONG,資料3,https://saiseiiryo.mhlw.go.jp/published_plan/download/01E2302002/5/2,55000,税込,,13,"き、55,000 円(税込)となります。また、同意を撤回された場合でも、PRP の製造","この治療は、健康保険が適用されない自由診療です。そのため、患者様の費用負担が 他の治療よりも高額になることがあります。Condensia による施術料は1 キットにつ き、55,000 円(税込)となります。また、同意を撤回された場合でも、PRP の製造 に使用する機器の費用(使い回しができません)等として、治療にかかる費用の50% をご負担いただきます。"
V41_01E2302002,医療法人恒晴会　心斎橋ペインクリニック,大阪府,PRP,STRONG,資料3,https://saiseiiryo.mhlw.go.jp/published_plan/download/01E2302002/5/2,55000,税込,,6,"キット × 55,000 円(税込) = 円(税込)","をご負担いただきます。 今回の療法での具体的な費用は、 キット × 55,000 円(税込) = 円(税込) ご負担いただきます。ご不明な点は医師・スタッフにお尋ねください。 9.健康被害が発生した際の処置と補償等について"
V41_01E2111002,医療法人神明会　印どうメディカルクリニック,大阪府,PRP,MEDIUM,資料3,https://saiseiiryo.mhlw.go.jp/published_plan/download/01E2111002/5/2,33000,税込,,10,"き、33,000 円(税込)となります。","この治療は、健康保険が適用されない自由診療です。そのため、患者様の費用負担が 他の治療よりも高額になることがあります。Condensia による施術料は1 キットにつ き、33,000 円(税込)となります。 今回の療法での具体的な費用は、 キット × 33,000 円(税込) = 円(税込)"
V41_01E2111002,医療法人神明会　印どうメディカルクリニック,大阪府,PRP,MEDIUM,資料3,https://saiseiiryo.mhlw.go.jp/published_plan/download/01E2111002/5/2,33000,税込,,6,"キット × 33,000 円(税込) = 円(税込)","き、33,000 円(税込)となります。 今回の療法での具体的な費用は、 キット × 33,000 円(税込) = 円(税込) ご負担いただきます。ご不明な点は医師・スタッフにお尋ねください。 9.健康被害が発生した際の処置と補償等について"
V41_01E2111019,医療法人誠幸会　わだ整形外科クリニック,大阪府,PRP,MEDIUM,資料3,https://saiseiiryo.mhlw.go.jp/published_plan/download/01E2111019/5/2,30000,税別,,10,"き、30,000 円(税別)となります。","この治療は、健康保険が適用されない自由診療です。そのため、患者様の費用負担が 他の治療よりも高額になることがあります。Condensia による施術料は1 キットにつ き、30,000 円(税別)となります。 今回の療法での具体的な費用は、 キット × 30,000 円(税別) = 円(税別)"
V41_01E2111019,医療法人誠幸会　わだ整形外科クリニック,大阪府,PRP,MEDIUM,資料3,https://saiseiiryo.mhlw.go.jp/published_plan/download/01E2111019/5/2,30000,税別,,6,"キット × 30,000 円(税別) = 円(税別)","き、30,000 円(税別)となります。 今回の療法での具体的な費用は、 キット × 30,000 円(税別) = 円(税別) ご負担いただきます。ご不明な点は医師・スタッフにお尋ねください。 9.健康被害が発生した際の処置と補償等について"
V41_01E2505012,吹田くわた内科・ペインクリニック,大阪府,PRP,NO_PRICE,資料2,https://saiseiiryo.mhlw.go.jp/published_plan/download/01E2505012/5/1,15000,不明,,4,"+15,000 円","料金 部位追加(1 箇所) +15,000 円 術後フォローカウンセリング(15 分) +3,000 円"
V41_01E2505012,吹田くわた内科・ペインクリニック,大阪府,PRP,NO_PRICE,資料2,https://saiseiiryo.mhlw.go.jp/published_plan/download/01E2505012/5/1,50000,不明,1 回,4,"50,000 円","料金 初回お試し 50,000 円 1 回(2 回目以降) 60,000 円 3 回セット"
V41_01E2505012,吹田くわた内科・ペインクリニック,大阪府,PRP,NO_PRICE,資料2,https://saiseiiryo.mhlw.go.jp/published_plan/download/01E2505012/5/1,55000,不明,1 回,4,"165,000 円(1 回あたり55,000 円)","1 回(2 回目以降) 60,000 円 3 回セット 165,000 円(1 回あたり55,000 円) 【料金に含まれる内容】 •"
V41_01E2505012,吹田くわた内科・ペインクリニック,大阪府,PRP,NO_PRICE,資料2,https://saiseiiryo.mhlw.go.jp/published_plan/download/01E2505012/5/1,165000,不明,1 回,4,"165,000 円(1 回あたり55,000 円)","1 回(2 回目以降) 60,000 円 3 回セット 165,000 円(1 回あたり55,000 円) 【料金に含まれる内容】 •"
V41_01E2505012,吹田くわた内科・ペインクリニック,大阪府,PRP,NO_PRICE,資料2,https://saiseiiryo.mhlw.go.jp/published_plan/download/01E2505012/5/1,60000,不明,3 回,2,"2. 実施分は単回料金(1 回60,000 円)で計算いたします。","【3 回セットご契約時の途中解約規定】 1. ご契約後に治療を途中で終了される場合は、以下の方法で清算いたします。 2. 実施分は単回料金(1 回60,000 円)で計算いたします。 3. 未実施分については、キャンセル料として残回数分の20%相当額を申し受けま す。"
V41_01E2505012,吹田くわた内科・ペインクリニック,大阪府,PRP,NO_PRICE,資料2,https://saiseiiryo.mhlw.go.jp/published_plan/download/01E2505012/5/1,60000,不明,1 回,0,"1 回(2 回目以降) 60,000 円","初回お試し 50,000 円 1 回(2 回目以降) 60,000 円 3 回セット 165,000 円(1 回あたり55,000 円)"
V41_01E2505012,吹田くわた内科・ペインクリニック,大阪府,PRP,NO_PRICE,資料2,https://saiseiiryo.mhlw.go.jp/published_plan/download/01E2505012/5/1,60000,不明,3 回,-5,"実施分:60,000 円×2 回=120,000 円","《例:3 回セットご契約後、2 回で終了の場合》 • 実施分:60,000 円×2 回=120,000 円 • 未実施分キャンセル料:60,000 円×1 回×20%=12,000 円"
V41_01E2505012,吹田くわた内科・ペインクリニック,大阪府,PRP,NO_PRICE,資料2,https://saiseiiryo.mhlw.go.jp/published_plan/download/01E2505012/5/1,120000,不明,3 回,-5,"実施分:60,000 円×2 回=120,000 円","《例:3 回セットご契約後、2 回で終了の場合》 • 実施分:60,000 円×2 回=120,000 円 • 未実施分キャンセル料:60,000 円×1 回×20%=12,000 円"
V41_01E2505012,吹田くわた内科・ペインクリニック,大阪府,PRP,NO_PRICE,資料2,https://saiseiiryo.mhlw.go.jp/published_plan/download/01E2505012/5/1,132000,不明,1 回,-5,"清算合計:132,000 円","未実施分キャンセル料:60,000 円×1 回×20%=12,000 円 • 清算合計:132,000 円 • 差額がある場合は返金または追加ご請求"
V41_01E2505012,吹田くわた内科・ペインクリニック,大阪府,PRP,NO_PRICE,資料2,https://saiseiiryo.mhlw.go.jp/published_plan/download/01E2505012/5/1,60000,不明,2 回,-12,"未実施分キャンセル料:60,000 円×1 回×20%=12,000 円","実施分:60,000 円×2 回=120,000 円 • 未実施分キャンセル料:60,000 円×1 回×20%=12,000 円 • 清算合計:132,000 円"
V41_01E2505013,吹田くわた内科・ペインクリニック,大阪府,PRP,NO_PRICE,資料2,https://saiseiiryo.mhlw.go.jp/published_plan/download/01E2505013/5/1,15000,不明,,4,"+15,000 円","料金 部位追加(1 箇所) +15,000 円 術後フォローカウンセリング(15 分) +3,000 円"
V41_01E2505013,吹田くわた内科・ペインクリニック,大阪府,PRP,NO_PRICE,資料2,https://saiseiiryo.mhlw.go.jp/published_plan/download/01E2505013/5/1,50000,不明,1 回,4,"50,000 円","料金 初回お試し 50,000 円 1 回(2 回目以降) 60,000 円 3 回セット"
V41_01E2505013,吹田くわた内科・ペインクリニック,大阪府,PRP,NO_PRICE,資料2,https://saiseiiryo.mhlw.go.jp/published_plan/download/01E2505013/5/1,55000,不明,1 回,4,"165,000 円(1 回あたり55,000 円)","1 回(2 回目以降) 60,000 円 3 回セット 165,000 円(1 回あたり55,000 円) 【料金に含まれる内容】 •"
V41_01E2505013,吹田くわた内科・ペインクリニック,大阪府,PRP,NO_PRICE,資料2,https://saiseiiryo.mhlw.go.jp/published_plan/download/01E2505013/5/1,165000,不明,1 回,4,"165,000 円(1 回あたり55,000 円)","1 回(2 回目以降) 60,000 円 3 回セット 165,000 円(1 回あたり55,000 円) 【料金に含まれる内容】 •"
V41_01E2505013,吹田くわた内科・ペインクリニック,大阪府,PRP,NO_PRICE,資料2,https://saiseiiryo.mhlw.go.jp/published_plan/download/01E2505013/5/1,60000,不明,3 回,2,"2. 実施分は単回料金(1 回60,000 円)で計算いたします。","【3 回セットご契約時の途中解約規定】 1. ご契約後に治療を途中で終了される場合は、以下の方法で清算いたします。 2. 実施分は単回料金(1 回60,000 円)で計算いたします。 3. 未実施分については、キャンセル料として残回数分の20%相当額を申し受けま す。"
V41_01E2505013,吹田くわた内科・ペインクリニック,大阪府,PRP,NO_PRICE,資料2,https://saiseiiryo.mhlw.go.jp/published_plan/download/01E2505013/5/1,60000,不明,1 回,0,"1 回(2 回目以降) 60,000 円","初回お試し 50,000 円 1 回(2 回目以降) 60,000 円 3 回セット 165,000 円(1 回あたり55,000 円)"
V41_01E2505013,吹田くわた内科・ペインクリニック,大阪府,PRP,NO_PRICE,資料2,https://saiseiiryo.mhlw.go.jp/published_plan/download/01E2505013/5/1,60000,不明,3 回,-5,"実施分:60,000 円×2 回=120,000 円","《例:3 回セットご契約後、2 回で終了の場合》 • 実施分:60,000 円×2 回=120,000 円 • 未実施分キャンセル料:60,000 円×1 回×20%=12,000 円"
V41_01E2505013,吹田くわた内科・ペインクリニック,大阪府,PRP,NO_PRICE,資料2,https://saiseiiryo.mhlw.go.jp/published_plan/download/01E2505013/5/1,120000,不明,3 回,-5,"実施分:60,000 円×2 回=120,000 円","《例:3 回セットご契約後、2 回で終了の場合》 • 実施分:60,000 円×2 回=120,000 円 • 未実施分キャンセル料:60,000 円×1 回×20%=12,000 円"
V41_01E2505013,吹田くわた内科・ペインクリニック,大阪府,PRP,NO_PRICE,資料2,https://saiseiiryo.mhlw.go.jp/published_plan/download/01E2505013/5/1,132000,不明,1 回,-5,"清算合計:132,000 円","未実施分キャンセル料:60,000 円×1 回×20%=12,000 円 • 清算合計:132,000 円 • 差額がある場合は返金または追加ご請求"
V41_01E2505013,吹田くわた内科・ペインクリニック,大阪府,PRP,NO_PRICE,資料2,https://saiseiiryo.mhlw.go.jp/published_plan/download/01E2505013/5/1,60000,不明,2 回,-12,"未実施分キャンセル料:60,000 円×1 回×20%=12,000 円","実施分:60,000 円×2 回=120,000 円 • 未実施分キャンセル料:60,000 円×1 回×20%=12,000 円 • 清算合計:132,000 円"
V41_01E2508012,ＣＡＳＡクリニック,大阪府,脂肪由来幹細胞,MEDIUM,資料2,https://saiseiiryo.mhlw.go.jp/published_plan/download/01E2508012/5/1,3200000,税込,1億個,10,"3,200,000円(税込)","50,000円(税込) 幹細胞治療(両ひざ)1億個1回※非冷凍 3,200,000円(税込) ※諸費用、検査費用、脂 肪採取費用、培養費用"
V41_01E2303002,医療法人ポイントワン　ならやまと整形外科スポーツクリニック,奈良県,PRP,MEDIUM,資料2,https://saiseiiryo.mhlw.go.jp/published_plan/download/01E2303002/5/1,110000,税込,1 回,9,"血液分離専用容器キットによる施術料1 回 110,000 円(税込)","他の治療よりも高額になることがあります。当院において実施される本治療および本治 療に必要な検査などの費用は全額自己負担となります。 血液分離専用容器キットによる施術料1 回 110,000 円(税込) ※患者様の症状によっては、治療を数回行うことがあります。治療前、または治 療後の状態から担当医師が判断し、患者様にお伝えしご相談させて頂きます。"
V41_01E2303002,医療法人ポイントワン　ならやまと整形外科スポーツクリニック,奈良県,PRP,MEDIUM,資料2,https://saiseiiryo.mhlw.go.jp/published_plan/download/01E2303002/5/1,110000,税込,,-10,"は加工後のキャンセル料 110,000 円 (税込))","また同様に、治療を受けることに同意した場合であっても、投与までの間でしたらい つでも取りやめることができます。(キャンセル料はご負担いただきます。:採血後また は加工後のキャンセル料 110,000 円 (税込)) もしこの治療を受けることに同意しない場合も、最適と考えられる治療を実施できる ように患者様の治療に最善を尽くします。"
V41_01D2603004,HIME CLINIC,愛知県,PRP,STRONG,資料3,https://saiseiiryo.mhlw.go.jp/published_plan/download/01D2603004/5/2,1000000,税込,2 回,13,"PRP 筋肉、腱、靭帯への治療 2 回投与 1,000,000 円(税込)","め、すべて全額自己負担となります。 施術費用は下記の通りとなります。 PRP 筋肉、腱、靭帯への治療 2 回投与 1,000,000 円(税込) PRP 筋肉、腱、靭帯への治療 4 回投与 1,800,000 円(税込) (標準的な治療費用。採血及び上記投与回数分の費用を含む)"
V41_01D2603004,HIME CLINIC,愛知県,PRP,STRONG,資料3,https://saiseiiryo.mhlw.go.jp/published_plan/download/01D2603004/5/2,1800000,税込,2 回,13,"PRP 筋肉、腱、靭帯への治療 4 回投与 1,800,000 円(税込)","施術費用は下記の通りとなります。 PRP 筋肉、腱、靭帯への治療 2 回投与 1,000,000 円(税込) PRP 筋肉、腱、靭帯への治療 4 回投与 1,800,000 円(税込) (標準的な治療費用。採血及び上記投与回数分の費用を含む) ・ 治療回数は症状及び治療内容により異なるため、担当医師より患者様に最適な治療回数"
V41_01D2512001,伊藤整形・内科　あいちスポーツ人工関節クリニック,愛知県,脂肪由来幹細胞,NO_PRICE,資料1,https://saiseiiryo.mhlw.go.jp/published_plan/download/01D2512001/5/0,100000,不明,,4,一律 10 万円をお支払いいただきます,脂肪採取予定日の2 日前 ~脂肪採取当日の脂肪組織採取前 一律 10 万円をお支払いいただきます 3 脂肪組織採取後~細胞投与前
V41_03D2506004,春日井整形あさひ病院,愛知県,PRP,STRONG,資料2,https://saiseiiryo.mhlw.go.jp/published_plan/download/03D2506004/5/1,15000,税別,,16,"治療費PRP 1mlあたり 学生15,000円(税抜) 一般20,000円(税抜)","治療費 私は、PRP療法を行うにあたり、以下の治療費を支払います。 治療費PRP 1mlあたり 学生15,000円(税抜) 一般20,000円(税抜) 守秘義務 私の医学的情報は法律で要求される期間、秘密を守って保存される"
V41_03D2506004,春日井整形あさひ病院,愛知県,PRP,STRONG,資料2,https://saiseiiryo.mhlw.go.jp/published_plan/download/03D2506004/5/1,20000,税別,,16,"治療費PRP 1mlあたり 学生15,000円(税抜) 一般20,000円(税抜)","治療費 私は、PRP療法を行うにあたり、以下の治療費を支払います。 治療費PRP 1mlあたり 学生15,000円(税抜) 一般20,000円(税抜) 守秘義務 私の医学的情報は法律で要求される期間、秘密を守って保存される"
V41_01C2509020,THE HUNDRED,東京都,脂肪由来幹細胞,MEDIUM,資料2,https://saiseiiryo.mhlw.go.jp/published_plan/download/01C2509020/5/1,110000,不明,,8,"110,000 円","3,300,000 円 細胞保管費用(年間) 110,000 円 治療費のお支払いについて ・ 医師によるカウンセリングを受け、同意書にご署名いただきましたら、予約金として治療費用全額を事前に"
V41_01C2509020,THE HUNDRED,東京都,脂肪由来幹細胞,MEDIUM,資料2,https://saiseiiryo.mhlw.go.jp/published_plan/download/01C2509020/5/1,3300000,不明,,8,"3,300,000 円","11,000 円 ヒト自己脂肪組織由来間葉系幹細胞採取及び投与 3,300,000 円 細胞保管費用(年間) 110,000 円"
V41_02C2606015,アヴェニューセルクリニック,東京都,脂肪由来幹細胞,STRONG,資料2,https://saiseiiryo.mhlw.go.jp/published_plan/download/02C2606015/5/1,800000,税別,,13,"きます。実際に必要となる費用については今回の治療では 800,000 円(税抜)となります。","本治療は保険適用外であるため、治療にかかる費用全額をご自分でご負担いただきます。その 他、本治療を受けるために必要となった旅費、交通費などの全ての費用もご自分でご負担いただ きます。実際に必要となる費用については今回の治療では 800,000 円(税抜)となります。 なお、脂肪の採取後や、細胞加工物の製造後に同意を撤回された場合など、同意を撤回される時 点までに費用が発生している場合は、発生した費用についてはあなたにご負担いただきますので"
V41_02C2606015,アヴェニューセルクリニック,東京都,脂肪由来幹細胞,STRONG,資料3,https://saiseiiryo.mhlw.go.jp/published_plan/download/02C2606015/5/2,1300000,税別,,9,"きます。実際に必要となる費用については今回の治療では 1,300,000 円(税抜)となります。","ため、治療にかかる費用全額をご自分でご負担いただきます。その他、本治療を受けるために必 要となった旅費、交通費などの全ての費用もご自分でご負担いただ きます。実際に必要となる費用については今回の治療では 1,300,000 円(税抜)となります。 また、通訳やコーディネーターをご利用の場合、通訳やコーディネーターを通して適宜フォローアッ プをさせていただきます。なお、料金にはフォローアップ費用も含まれております。"
V41_02C2606022,アヴェニューセルクリニック,東京都,脂肪由来幹細胞,STRONG,資料2,https://saiseiiryo.mhlw.go.jp/published_plan/download/02C2606022/5/1,800000,税別,,13,"きます。実際に必要となる費用については今回の治療では800,000 円(税抜)となります。","本治療は保険適用外であるため、治療にかかる費用全額をご自分でご負担いただきます。その 他、本治療を受けるために必要となった旅費、交通費などの全ての費用もご自分でご負担いただ きます。実際に必要となる費用については今回の治療では800,000 円(税抜)となります。 なお、脂肪の採取後や、細胞加工物の製造後に同意を撤回された場合など、同意を撤回される時 点までに費用が発生している場合は、発生した費用についてはあなたにご負担いただきますのでご"
V41_02C2606022,アヴェニューセルクリニック,東京都,脂肪由来幹細胞,STRONG,資料3,https://saiseiiryo.mhlw.go.jp/published_plan/download/02C2606022/5/2,1300000,税別,,6,"用については今回の治療では1,300,000 円(税抜)となります。","本治療は、治療にかかる費用全額をご自分でご負担いただきます。その他、本治療を受けるために 必要となった旅費、交通費などの全ての費用もご自分でご負担いただきます。実際に必要となる費 用については今回の治療では1,300,000 円(税抜)となります。 1_07_説明文書同意文書 また、通訳やコーディネーターをご利用の場合、通訳やコーディネーターを通して適宜フォローアッ"
V41_01C2511006,一般社団法人Garden　KAI CLINIC T OKYO,東京都,その他MSK,NO_PRICE,資料1,https://saiseiiryo.mhlw.go.jp/published_plan/download/01C2511006/5/0,55000,不明,,3,"・PRF 55,000円","(2)「自家多血小板フィブリンを用いた軟骨移植外鼻形成術」にかか る費用は下記の通りとなります。 ・PRF 55,000円 ・診察料 22,000円 ・採血量+血液検査料 11,000円"
V41_01C2511006,一般社団法人Garden　KAI CLINIC T OKYO,東京都,その他MSK,NO_PRICE,資料1,https://saiseiiryo.mhlw.go.jp/published_plan/download/01C2511006/5/0,220000,不明,,-5,"・麻酔料(全身麻酔) 220,000円","・採血量+血液検査料 11,000円 ・手術料 330,000円 ・麻酔料(全身麻酔) 220,000円 (3)採血後に同意が撤回された場合については返金はありません。 (当院のキャンセル基準準ずる)"
V41_01C2511006,一般社団法人Garden　KAI CLINIC T OKYO,東京都,その他MSK,NO_PRICE,資料1,https://saiseiiryo.mhlw.go.jp/published_plan/download/01C2511006/5/0,330000,不明,,-5,"・手術料 330,000円","・診察料 22,000円 ・採血量+血液検査料 11,000円 ・手術料 330,000円 ・麻酔料(全身麻酔) 220,000円 (3)採血後に同意が撤回された場合については返金はありません。"
V41_01C2511006,一般社団法人Garden　KAI CLINIC T OKYO,東京都,その他MSK,NO_PRICE,資料1,https://saiseiiryo.mhlw.go.jp/published_plan/download/01C2511006/5/0,22000,不明,,-8,"・診察料 22,000円","る費用は下記の通りとなります。 ・PRF 55,000円 ・診察料 22,000円 ・採血量+血液検査料 11,000円 ・手術料 330,000円"
V41_01C2404039,医療法人ネオポリス診療所 新宿皮フ科,東京都,脂肪由来幹細胞,NO_PRICE,資料3,https://saiseiiryo.mhlw.go.jp/published_plan/download/01C2404039/5/2,350000,税込,,5,35 万円,費用(税込み) 0.5 億 35 万円 1 億 70 万円
V41_01C2404039,医療法人ネオポリス診療所 新宿皮フ科,東京都,脂肪由来幹細胞,NO_PRICE,資料3,https://saiseiiryo.mhlw.go.jp/published_plan/download/01C2404039/5/2,2100000,不明,,4,210 万円,140 万円 3 億 210 万円 本治療を開始する前、あるいは途中で中止される場合においても、脂肪組織採取後は、お支払いただいた 費用の一部は返還できませんのであらかじめご了承ください(本治療では、脂肪組織採取後に直ちに移送お
V41_01C2404039,医療法人ネオポリス診療所 新宿皮フ科,東京都,脂肪由来幹細胞,NO_PRICE,資料3,https://saiseiiryo.mhlw.go.jp/published_plan/download/01C2404039/5/2,700000,不明,,0,70 万円,35 万円 1 億 70 万円 2 億 140 万円
V41_01C2404039,医療法人ネオポリス診療所 新宿皮フ科,東京都,脂肪由来幹細胞,NO_PRICE,資料3,https://saiseiiryo.mhlw.go.jp/published_plan/download/01C2404039/5/2,1400000,不明,,0,140 万円,70 万円 2 億 140 万円 3 億 210 万円
V41_01C2404043,医療法人ネオポリス診療所 新宿皮フ科,東京都,脂肪由来幹細胞,NO_PRICE,資料2,https://saiseiiryo.mhlw.go.jp/published_plan/download/01C2404043/5/1,350000,税込,,5,35 万円,費用(税込み) 0.5 億 35 万円 1 億 70 万円
V41_01C2404043,医療法人ネオポリス診療所 新宿皮フ科,東京都,脂肪由来幹細胞,NO_PRICE,資料2,https://saiseiiryo.mhlw.go.jp/published_plan/download/01C2404043/5/1,2100000,不明,,4,210 万円,140 万円 3 億 210 万円 本治療を開始する前、あるいは途中で中止される場合においても、脂肪組織採取後は、お支払いただいた 費用の一部は返還できませんのであらかじめご了承ください(本治療では、脂肪組織採取後に直ちに移送お
V41_01C2404043,医療法人ネオポリス診療所 新宿皮フ科,東京都,脂肪由来幹細胞,NO_PRICE,資料2,https://saiseiiryo.mhlw.go.jp/published_plan/download/01C2404043/5/1,700000,不明,,0,70 万円,35 万円 1 億 70 万円 2 億 140 万円
V41_01C2404043,医療法人ネオポリス診療所 新宿皮フ科,東京都,脂肪由来幹細胞,NO_PRICE,資料2,https://saiseiiryo.mhlw.go.jp/published_plan/download/01C2404043/5/1,1400000,不明,,0,140 万円,70 万円 2 億 140 万円 3 億 210 万円
V41_02C2311013,医療法人ネオポリス診療所　新宿皮フ科,東京都,脂肪由来幹細胞,STRONG,資料5,https://saiseiiryo.mhlw.go.jp/published_plan/download/02C2311013/5/4,100000,不明,,14,ります。本治療の概算は、脂肪採取費用として10万円程度、細胞培,費用について 本治療費用は保険外診療になるため、全額ご負担いただくことにな ります。本治療の概算は、脂肪採取費用として10万円程度、細胞培 養・保管費用などを含め方膝(1億セル)あたり約70万円程度です が、あなたのご病状などにより異なるため、詳細は当院のスタッフ
V41_02C2311013,医療法人ネオポリス診療所　新宿皮フ科,東京都,脂肪由来幹細胞,STRONG,資料5,https://saiseiiryo.mhlw.go.jp/published_plan/download/02C2311013/5/4,100000,不明,,11,肪採取を行った場合、新たに脂肪採取費用として10万円がかかりま,また、脂肪由来間葉系幹細胞数が本治療に必要な細胞数に満たな かった場合などで、再度、脂 肪採取を行った場合、新たに脂肪採取費用として10万円がかかりま すので、あらかじめご了承ください。 日本に在住の患者さんにおいては、本治療は医療費控除の対象とな
V41_02C2311013,医療法人ネオポリス診療所　新宿皮フ科,東京都,脂肪由来幹細胞,STRONG,資料5,https://saiseiiryo.mhlw.go.jp/published_plan/download/02C2311013/5/4,700000,不明,,11,養・保管費用などを含め方膝(1億セル)あたり約70万円程度です,本治療費用は保険外診療になるため、全額ご負担いただくことにな ります。本治療の概算は、脂肪採取費用として10万円程度、細胞培 養・保管費用などを含め方膝(1億セル)あたり約70万円程度です が、あなたのご病状などにより異なるため、詳細は当院のスタッフ よりご説明いたします。
V41_02C2505006,医療法人ネオポリス診療所銀座クリニック,東京都,脂肪由来幹細胞,STRONG,資料3,https://saiseiiryo.mhlw.go.jp/published_plan/download/02C2505006/5/2,1000000,不明,,14,細胞培養・保管費用などを含め方膝(1 億セル)あたり約 100 万円ですが、あなたのご病状な,8. 費用について 本治療費用は保険外診療になるため、全額ご負担いただくことになります。本治療の概算は、 細胞培養・保管費用などを含め方膝(1 億セル)あたり約 100 万円ですが、あなたのご病状な どにより異なるため、詳細は当院のスタッフよりご説明いたします。 本治療を開始する前、あるいは途中で中止される場合においても、脂肪組織採取後は、お支払
V41_02C2505006,医療法人ネオポリス診療所銀座クリニック,東京都,脂肪由来幹細胞,STRONG,資料3,https://saiseiiryo.mhlw.go.jp/published_plan/download/02C2505006/5/2,100000,不明,,11,肪採取を行った場合、新たに脂肪採取費用として 10 万円がかかりますので、あらかじめご了,す)。 また、脂肪由来間葉系幹細胞数が本治療に必要な細胞数に満たなかった場合などで、再度、脂 肪採取を行った場合、新たに脂肪採取費用として 10 万円がかかりますので、あらかじめご了 承ください。 ※ 日本に在住の患者さんにおいては、本治療は医療費控除の対象となりますので、詳しくは最
V41_02C2505009,医療法人ネオポリス診療所銀座クリニック,東京都,脂肪由来幹細胞,NO_PRICE,資料3,https://saiseiiryo.mhlw.go.jp/published_plan/download/02C2505009/5/2,350000,税込,,5,35 万円,費用(税込み) 0.5 億 35 万円 1 億 70 万円
V41_02C2505009,医療法人ネオポリス診療所銀座クリニック,東京都,脂肪由来幹細胞,NO_PRICE,資料3,https://saiseiiryo.mhlw.go.jp/published_plan/download/02C2505009/5/2,700000,不明,,0,70 万円,35 万円 1 億 70 万円 2 億 140 万円
V41_02C2505009,医療法人ネオポリス診療所銀座クリニック,東京都,脂肪由来幹細胞,NO_PRICE,資料3,https://saiseiiryo.mhlw.go.jp/published_plan/download/02C2505009/5/2,1400000,不明,,0,140 万円,70 万円 2 億 140 万円 3 億 210 万円
V41_02C2505009,医療法人ネオポリス診療所銀座クリニック,東京都,脂肪由来幹細胞,NO_PRICE,資料3,https://saiseiiryo.mhlw.go.jp/published_plan/download/02C2505009/5/2,2100000,不明,,0,210 万円,140 万円 3 億 210 万円 本治療を開始する前、あるいは途中で中止される場合においても、脂肪組織採取後は、お支払いただいた - 10 -
V41_02C2505010,医療法人ネオポリス診療所銀座クリニック,東京都,脂肪由来幹細胞,NO_PRICE,資料3,https://saiseiiryo.mhlw.go.jp/published_plan/download/02C2505010/5/2,350000,税込,,5,35 万円,費用(税込み) 0.5 億 35 万円 1 億 70 万円
V41_02C2505010,医療法人ネオポリス診療所銀座クリニック,東京都,脂肪由来幹細胞,NO_PRICE,資料3,https://saiseiiryo.mhlw.go.jp/published_plan/download/02C2505010/5/2,2100000,不明,,4,210 万円,140 万円 3 億 210 万円 本治療を開始する前、あるいは途中で中止される場合においても、脂肪組織採取後は、お支払いただいた 費用の一部は返還できませんのであらかじめご了承ください(本治療では、脂肪組織採取後に直ちに移送お
V41_02C2505010,医療法人ネオポリス診療所銀座クリニック,東京都,脂肪由来幹細胞,NO_PRICE,資料3,https://saiseiiryo.mhlw.go.jp/published_plan/download/02C2505010/5/2,700000,不明,,0,70 万円,35 万円 1 億 70 万円 2 億 140 万円
V41_02C2505010,医療法人ネオポリス診療所銀座クリニック,東京都,脂肪由来幹細胞,NO_PRICE,資料3,https://saiseiiryo.mhlw.go.jp/published_plan/download/02C2505010/5/2,1400000,不明,,0,140 万円,70 万円 2 億 140 万円 3 億 210 万円
V41_02C2608034,医療法人社団 熊谷整形外科,東京都,脂肪由来幹細胞,MEDIUM,資料1,https://saiseiiryo.mhlw.go.jp/published_plan/download/02C2608034/5/0,3000000,税別,2 回,9,"(税抜価格3,000,000 円+消費税)","初回投与 3,300,000 円 (税抜価格3,000,000 円+消費税) 2 回目以降投与 2,640,000 円"
V41_02C2608034,医療法人社団 熊谷整形外科,東京都,脂肪由来幹細胞,MEDIUM,資料1,https://saiseiiryo.mhlw.go.jp/published_plan/download/02C2608034/5/0,2640000,税別,2 回,5,"2,640,000 円","(税抜価格3,000,000 円+消費税) 2 回目以降投与 2,640,000 円 (税抜価格2,400,000 円+消費税) ⚫"
V41_02C2608034,医療法人社団 熊谷整形外科,東京都,脂肪由来幹細胞,MEDIUM,資料1,https://saiseiiryo.mhlw.go.jp/published_plan/download/02C2608034/5/0,3300000,税別,2 回,5,"3,300,000 円","の治療」治療費用一覧 初回投与 3,300,000 円 (税抜価格3,000,000 円+消費税) 2 回目以降投与"
V41_02C2608034,医療法人社団 熊谷整形外科,東京都,脂肪由来幹細胞,MEDIUM,資料1,https://saiseiiryo.mhlw.go.jp/published_plan/download/02C2608034/5/0,2400000,税別,2 回,4,"(税抜価格2,400,000 円+消費税)","2 回目以降投与 2,640,000 円 (税抜価格2,400,000 円+消費税) ⚫ 初診料、再診料、検査料は別途"
V41_02C1905014,医療法人社団 盛心会 タカラクリニック,東京都,脂肪由来幹細胞,NO_PRICE,資料2,https://saiseiiryo.mhlw.go.jp/published_plan/download/02C1905014/5/1,1500000,税別,,-3,"⃞ 初診料 25,000円(税別) 施術費用 1,500,000円(税別)を支払います。","⃞ 上記書面の内容を十分に理解し貴院に於ける手術方法の説明を受け疑問点については質 問をし、担当医より回答を得た上で、納得して手術を受けることを認めます。 ⃞ 初診料 25,000円(税別) 施術費用 1,500,000円(税別)を支払います。 ⃞ 手術、麻酔 予定日:令和 年 月 日 令和 年 月 日"
V41_02C1909204,医療法人社団 秀慈会 リバーシティすずき整形外科,東京都,PRP,STRONG,資料3,https://saiseiiryo.mhlw.go.jp/published_plan/download/02C1909204/5/2,80000,税別,,12,"PRP注射1関節:採血30-32ml / PRP 4ml 80,000円","PRP治療施術料表 ・関節腔内への注入(第二種再生医療等技術) PRP注射1関節:採血30-32ml / PRP 4ml 80,000円 *料金は 税抜き価格です。 *各種クレジットカード、PayPay、 Alipayの利用が可能です。"
V41_02C2606078,医療法人社団　桜伸会　さくらクリニック,東京都,脂肪由来幹細胞,NO_PRICE,資料3,https://saiseiiryo.mhlw.go.jp/published_plan/download/02C2606078/5/2,345000,不明,,4,"345,000 円","54,000 円 脂肪採取費用 345,000 円 培養費用・投与費用(フラスコ1,500 cm2) 1,670,000 円"
V41_02C2606078,医療法人社団　桜伸会　さくらクリニック,東京都,脂肪由来幹細胞,NO_PRICE,資料3,https://saiseiiryo.mhlw.go.jp/published_plan/download/02C2606078/5/2,1670000,不明,,4,"1,670,000 円","345,000 円 培養費用・投与費用(フラスコ1,500 cm2) 1,670,000 円 培養費用・投与費用(フラスコ3,000 cm2) 2,480,000 円"
V41_02C2606078,医療法人社団　桜伸会　さくらクリニック,東京都,脂肪由来幹細胞,NO_PRICE,資料3,https://saiseiiryo.mhlw.go.jp/published_plan/download/02C2606078/5/2,2480000,不明,,4,"2,480,000 円","1,670,000 円 培養費用・投与費用(フラスコ3,000 cm2) 2,480,000 円 ※必要に応じて、追加検査費用などが生じる場合がございます。 ※交通費などの実費についても、患者様に負担していただきます。"
V41_01C2312021,"医療法人社団円徳
慶友整形外科脊椎関節病院",東京都,脂肪由来幹細胞,MEDIUM,資料2,https://saiseiiryo.mhlw.go.jp/published_plan/download/01C2312021/5/1,990000,不明,1 億cells,8,"990,000 円","15,000 円 自家脂肪由来間葉系幹細胞投与(0.5-1 億cells) 990,000 円 ※投与回数にかかわらず、1 回投与あたりの費用です。 II."
V41_01C2508073,医療法人社団喜美会　自由が丘クリニック,東京都,PRP,NO_PRICE,資料2,https://saiseiiryo.mhlw.go.jp/published_plan/download/01C2508073/5/1,254100,税込,1回,4,"254,100 円","治療費用(税込) PRP 投与(1回) 254,100 円 キャンセルポリシー(共通) 日数"
V41_01C2508074,医療法人社団喜美会　自由が丘クリニック,東京都,PRP,NO_PRICE,資料2,https://saiseiiryo.mhlw.go.jp/published_plan/download/01C2508074/5/1,254100,税込,1回,4,"254,100 円","治療費用(税込) PRP 投与(1回) 254,100 円 キャンセルポリシー(共通) 日数"
V41_01C2603057,医療法人社団喜美会　自由が丘クリニック,東京都,脂肪由来幹細胞,MEDIUM,資料2,https://saiseiiryo.mhlw.go.jp/published_plan/download/01C2603057/5/1,110000,不明,両側,8,"110,000 円","5,500,000 円 細胞保管費用(年間) 110,000 円 *両側合計で1億個自家培養脂肪由来幹細胞を投与します **両側合計で2 億個自家培養脂肪由来幹細胞を投与します"
V41_01C2603057,医療法人社団喜美会　自由が丘クリニック,東京都,脂肪由来幹細胞,MEDIUM,資料2,https://saiseiiryo.mhlw.go.jp/published_plan/download/01C2603057/5/1,5500000,不明,両側,8,"5,500,000 円","3,300,000 円 自家培養脂肪由来幹細胞投与(両側2 億個プラン**) 5,500,000 円 細胞保管費用(年間) 110,000 円"
V41_01C2603057,医療法人社団喜美会　自由が丘クリニック,東京都,脂肪由来幹細胞,MEDIUM,資料2,https://saiseiiryo.mhlw.go.jp/published_plan/download/01C2603057/5/1,550000,不明,片側,4,"550,000 円","66,000 円 脂肪採取料(細胞培養のための採血も含む) 550,000 円 自家培養脂肪由来幹細胞投与(片側5000 万個プラン) 2,200,000 円"
V41_01C2603057,医療法人社団喜美会　自由が丘クリニック,東京都,脂肪由来幹細胞,MEDIUM,資料2,https://saiseiiryo.mhlw.go.jp/published_plan/download/01C2603057/5/1,2200000,不明,片側,4,"2,200,000 円","550,000 円 自家培養脂肪由来幹細胞投与(片側5000 万個プラン) 2,200,000 円 自家培養脂肪由来幹細胞投与(片側1億個プラン) 3,300,000 円"
V41_01C2603057,医療法人社団喜美会　自由が丘クリニック,東京都,脂肪由来幹細胞,MEDIUM,資料2,https://saiseiiryo.mhlw.go.jp/published_plan/download/01C2603057/5/1,3300000,不明,片側,4,"3,300,000 円","2,200,000 円 自家培養脂肪由来幹細胞投与(片側1億個プラン) 3,300,000 円 自家培養脂肪由来幹細胞投与(両側1 億個プラン*) 3,300,000 円"
V41_02C2608020,医療法人社団福至会　SPES CLINIC TOKYO BAY 晴海中央医院,東京都,脂肪由来幹細胞,STRONG,資料2,https://saiseiiryo.mhlw.go.jp/published_plan/download/02C2608020/5/1,3575000,税込,,13,"本治療にかかる費用は3,575,000円(税込)/回となっております。","本治療は保険適用外であるため、治療にかかる費用全額をご自分でご負担いただきます。 その他、本治療を受けるために必要となった旅費、交通費などの全ての費用もご自分でご負担いただきます。 本治療にかかる費用は3,575,000円(税込)/回となっております。 なお、脂肪の採取後や、細胞加工物の製造後に同意を撤回された場合など、同意を撤回される時点までに発生 した費用についてはあなたにご負担いただきますのでご了承ください。"
V41_02C2509032,"医療法人社団誠心会
Re:Born Clinic 銀座院",東京都,脂肪由来幹細胞,NO_PRICE,資料2,https://saiseiiryo.mhlw.go.jp/published_plan/download/02C2509032/5/1,2200000,税込,1回,6,"1回分 2,200,000円(税込)","ての費用も同様です。 本治療にかかる費用は、 1回分 2,200,000円(税込) (内脂肪採取費用は220,000円税込) 同意を撤回された場合など、同意を撤回される時点までに発生した"
V41_02C2509032,"医療法人社団誠心会
Re:Born Clinic 銀座院",東京都,脂肪由来幹細胞,NO_PRICE,資料2,https://saiseiiryo.mhlw.go.jp/published_plan/download/02C2509032/5/1,220000,税込,1回,4,"(内脂肪採取費用は220,000円税込)","本治療にかかる費用は、 1回分 2,200,000円(税込) (内脂肪採取費用は220,000円税込) 同意を撤回された場合など、同意を撤回される時点までに発生した 費用(診察料、検査費、脂肪採取費、輸送費、加工費等)について"
V41_02C2509040,"医療法人社団誠心会
Re:Born Clinic 銀座院",東京都,PRP,MEDIUM,資料2,https://saiseiiryo.mhlw.go.jp/published_plan/download/02C2509040/5/1,275000,税込,1回,9,"本治療にかかる費用は、1回分 275,000円(税込)","その他、本治療を受けるために必要となった旅費、交通費などの全 ての費用も同様です。 本治療にかかる費用は、1回分 275,000円(税込) (内血液採取費用は5,500円税込) 同意を撤回された場合など、同意を撤回される時点までに発生した"
V41_02C2509048,"医療法人社団誠心会
Re:Born Clinic 銀座院",東京都,脂肪由来幹細胞,NO_PRICE,資料2,https://saiseiiryo.mhlw.go.jp/published_plan/download/02C2509048/5/1,2508000,税込,1回,6,"5千万個までの場合:1回分 2,508,000円(税込)","ての費用も同様です。 本治療にかかる費用は、 5千万個までの場合:1回分 2,508,000円(税込) 1億個までの場合:1回分 3,762,000円(税込) (内脂肪採取費用は220,000円税込)"
V41_02C2509048,"医療法人社団誠心会
Re:Born Clinic 銀座院",東京都,脂肪由来幹細胞,NO_PRICE,資料2,https://saiseiiryo.mhlw.go.jp/published_plan/download/02C2509048/5/1,3762000,税込,1回,6,"1億個までの場合:1回分 3,762,000円(税込)","本治療にかかる費用は、 5千万個までの場合:1回分 2,508,000円(税込) 1億個までの場合:1回分 3,762,000円(税込) (内脂肪採取費用は220,000円税込) 同意を撤回された場合など、同意を撤回される時点までに発生した"
V41_02C2509048,"医療法人社団誠心会
Re:Born Clinic 銀座院",東京都,脂肪由来幹細胞,NO_PRICE,資料2,https://saiseiiryo.mhlw.go.jp/published_plan/download/02C2509048/5/1,220000,税込,1回,4,"(内脂肪採取費用は220,000円税込)","5千万個までの場合:1回分 2,508,000円(税込) 1億個までの場合:1回分 3,762,000円(税込) (内脂肪採取費用は220,000円税込) 同意を撤回された場合など、同意を撤回される時点までに発生した 費用(診察料、検査費、脂肪採取費、輸送費、加工費等)について"
V41_01C2601013,幹細胞クリニック東京,東京都,脂肪由来幹細胞,NO_PRICE,資料3,https://saiseiiryo.mhlw.go.jp/published_plan/download/01C2601013/5/2,300000,不明,,4,"300,000円","0円 3.脂肪採取 300,000円 4.細胞治療 2,200,000円/回"
V41_01C2601013,幹細胞クリニック東京,東京都,脂肪由来幹細胞,NO_PRICE,資料3,https://saiseiiryo.mhlw.go.jp/published_plan/download/01C2601013/5/2,2200000,不明,,4,"2,200,000円/回","300,000円 4.細胞治療 2,200,000円/回 5.治療後定期検査 10,000円/回"
V41_01C2506017,日本橋えがわクリニック,東京都,脂肪由来幹細胞,MEDIUM,資料2,https://saiseiiryo.mhlw.go.jp/published_plan/download/01C2506017/5/1,500000,税別,1回,10,"500,000円(税抜)","断により決定いたします。 ・ASCsを用いた治療(1関節1回投与)における施術料 500,000円(税抜) ・ASCsを用いた治療(1関節2回投与)における施術料 700,000円(税抜)"
V41_01C2506017,日本橋えがわクリニック,東京都,脂肪由来幹細胞,MEDIUM,資料2,https://saiseiiryo.mhlw.go.jp/published_plan/download/01C2506017/5/1,700000,税別,2回,5,"700,000円(税抜)","500,000円(税抜) ・ASCsを用いた治療(1関節2回投与)における施術料 700,000円(税抜) 本治療をとりやめた場合には、以下の通り施術料の全額または一部 を返金いたします。"
