prefecture	facility	manufacturer	product	evidence_type	evidence_url	note
岩手県	いわてスポーツ・整形外科クリニック	Arthrex	ACP-PRP	MANUFACTURER_OFFICIAL_LOCATOR	https://seikei-saisei.jp/institution.html	Manufacturer-operated Arthrex Japan locator lists facility for ACP-PRP/HD-PRP.
埼玉県	医療法人社団南越谷病院	Arthrex	ACP-PRP	MANUFACTURER_OFFICIAL_LOCATOR	https://seikei-saisei.jp/institution.html	Manufacturer-operated Arthrex Japan locator lists facility for ACP-PRP/HD-PRP.
千葉県	順天堂大学医学部附属浦安病院	Arthrex	ACP-PRP	MANUFACTURER_OFFICIAL_LOCATOR	https://seikei-saisei.jp/institution.html	Manufacturer-operated Arthrex Japan locator lists facility for ACP-PRP/HD-PRP.
千葉県	医療法人社団奏の杜整形外科	Arthrex	ACP-PRP	MANUFACTURER_OFFICIAL_LOCATOR	https://seikei-saisei.jp/institution.html	Manufacturer-operated Arthrex Japan locator lists facility for ACP-PRP/HD-PRP.
千葉県	柏の葉キャンパス整形外科	Arthrex	ACP-PRP	MANUFACTURER_OFFICIAL_LOCATOR	https://seikei-saisei.jp/institution.html	Manufacturer-operated Arthrex Japan locator lists facility for ACP-PRP/HD-PRP.
千葉県	医療法人社団オルソプラス  むらた整形外科	Arthrex	ACP-PRP	MANUFACTURER_OFFICIAL_LOCATOR	https://seikei-saisei.jp/institution.html	Manufacturer-operated Arthrex Japan locator lists facility for ACP-PRP/HD-PRP.
群馬県	慶友整形外科クリニック	Arthrex	ACP-PRP	MANUFACTURER_OFFICIAL_LOCATOR	https://seikei-saisei.jp/institution.html	Manufacturer-operated Arthrex Japan locator lists facility for ACP-PRP/HD-PRP.
神奈川県	ほんだ整形外科クリニック	Arthrex	ACP-PRP	MANUFACTURER_OFFICIAL_LOCATOR	https://seikei-saisei.jp/institution.html	Manufacturer-operated Arthrex Japan locator lists facility for ACP-PRP/HD-PRP.
神奈川県	医療法人横浜未来ヘルスケアシステム 戸塚共立第2病院	Arthrex	ACP-PRP	MANUFACTURER_OFFICIAL_LOCATOR	https://seikei-saisei.jp/institution.html	Manufacturer-operated Arthrex Japan locator lists facility for ACP-PRP/HD-PRP.
東京都	順天堂大学医学部附属練馬病院	Arthrex	ACP-PRP	MANUFACTURER_OFFICIAL_LOCATOR	https://seikei-saisei.jp/institution.html	Manufacturer-operated Arthrex Japan locator lists facility for ACP-PRP/HD-PRP.
東京都	おかのクリニック	Arthrex	ACP-PRP	MANUFACTURER_OFFICIAL_LOCATOR	https://seikei-saisei.jp/institution.html	Manufacturer-operated Arthrex Japan locator lists facility for ACP-PRP/HD-PRP.
東京都	医療法人社団 山手クリニック	Arthrex	ACP-PRP	MANUFACTURER_OFFICIAL_LOCATOR	https://seikei-saisei.jp/institution.html	Manufacturer-operated Arthrex Japan locator lists facility for ACP-PRP/HD-PRP.
東京都	すみだ運動器リハビリテーションクリニック	Arthrex	ACP-PRP	MANUFACTURER_OFFICIAL_LOCATOR	https://seikei-saisei.jp/institution.html	Manufacturer-operated Arthrex Japan locator lists facility for ACP-PRP/HD-PRP.
長野県	医療法人弘仁会 かもいクリニック	Arthrex	ACP-PRP	MANUFACTURER_OFFICIAL_LOCATOR	https://seikei-saisei.jp/institution.html	Manufacturer-operated Arthrex Japan locator lists facility for ACP-PRP/HD-PRP.
静岡県	富士整形外科病院	Arthrex	ACP-PRP|HD-PRP	MANUFACTURER_OFFICIAL_LOCATOR	https://seikei-saisei.jp/institution.html	Manufacturer-operated Arthrex Japan locator lists facility for ACP-PRP/HD-PRP.
愛知県	米田病院	Arthrex	ACP-PRP	MANUFACTURER_OFFICIAL_LOCATOR	https://seikei-saisei.jp/institution.html	Manufacturer-operated Arthrex Japan locator lists facility for ACP-PRP/HD-PRP.
愛知県	瀬戸にしな整形外科クリニック	Arthrex	ACP-PRP	MANUFACTURER_OFFICIAL_LOCATOR	https://seikei-saisei.jp/institution.html	Manufacturer-operated Arthrex Japan locator lists facility for ACP-PRP/HD-PRP.
愛知県	ふくの森リハビリ整形外科	Arthrex	ACP-PRP	MANUFACTURER_OFFICIAL_LOCATOR	https://seikei-saisei.jp/institution.html	Manufacturer-operated Arthrex Japan locator lists facility for ACP-PRP/HD-PRP.
愛知県	リジェネレーションクリニック	Arthrex	ACP-PRP	MANUFACTURER_OFFICIAL_LOCATOR	https://seikei-saisei.jp/institution.html	Manufacturer-operated Arthrex Japan locator lists facility for ACP-PRP/HD-PRP.
岐阜県	公立学校共済組合 東海中央病院	Arthrex	ACP-PRP	MANUFACTURER_OFFICIAL_LOCATOR	https://seikei-saisei.jp/institution.html	Manufacturer-operated Arthrex Japan locator lists facility for ACP-PRP/HD-PRP.
岐阜県	森整形外科リハビリクリニック	Arthrex	ACP-PRP	MANUFACTURER_OFFICIAL_LOCATOR	https://seikei-saisei.jp/institution.html	Manufacturer-operated Arthrex Japan locator lists facility for ACP-PRP/HD-PRP.
京都府	医療法人財団康生会 たけだ膠原病リウマチクリニック	Arthrex	ACP-PRP	MANUFACTURER_OFFICIAL_LOCATOR	https://seikei-saisei.jp/institution.html	Manufacturer-operated Arthrex Japan locator lists facility for ACP-PRP/HD-PRP.
兵庫県	藤田整形外科 スポーツクリニック	Arthrex	ACP-PRP	MANUFACTURER_OFFICIAL_LOCATOR	https://seikei-saisei.jp/institution.html	Manufacturer-operated Arthrex Japan locator lists facility for ACP-PRP/HD-PRP.
滋賀県	公立甲賀病院	Arthrex	ACP-PRP	MANUFACTURER_OFFICIAL_LOCATOR	https://seikei-saisei.jp/institution.html	Manufacturer-operated Arthrex Japan locator lists facility for ACP-PRP/HD-PRP.
山口県	医療法人社団 宇部興産中央病院	Arthrex	ACP-PRP	MANUFACTURER_OFFICIAL_LOCATOR	https://seikei-saisei.jp/institution.html	Manufacturer-operated Arthrex Japan locator lists facility for ACP-PRP/HD-PRP.
香川県	高松南整形外科スポーツクリニック	Arthrex	ACP-PRP	MANUFACTURER_OFFICIAL_LOCATOR	https://seikei-saisei.jp/institution.html	Manufacturer-operated Arthrex Japan locator lists facility for ACP-PRP/HD-PRP.
福岡県	とも整形外科スポーツクリニック	Arthrex	ACP-PRP	MANUFACTURER_OFFICIAL_LOCATOR	https://seikei-saisei.jp/institution.html	Manufacturer-operated Arthrex Japan locator lists facility for ACP-PRP/HD-PRP.
福岡県	櫛田学整形外科クリニック	Arthrex	ACP-PRP	MANUFACTURER_OFFICIAL_LOCATOR	https://seikei-saisei.jp/institution.html	Manufacturer-operated Arthrex Japan locator lists facility for ACP-PRP/HD-PRP.
大分県	仙波整形外科	Arthrex	ACP-PRP	MANUFACTURER_OFFICIAL_LOCATOR	https://seikei-saisei.jp/institution.html	Manufacturer-operated Arthrex Japan locator lists facility for ACP-PRP/HD-PRP.
鹿児島県	天陽会中央クリニック	Arthrex	ACP-PRP	MANUFACTURER_OFFICIAL_LOCATOR	https://seikei-saisei.jp/institution.html	Manufacturer-operated Arthrex Japan locator lists facility for ACP-PRP/HD-PRP.
千葉県	医療法人社団奏の杜整形外科	Zimmer Biomet	APS	MANUFACTURER_OFFICIAL_LOCATOR	https://m.kansetsu-life.com/saisei/index.php	Zimmer Biomet-operated locator lists facility for APS therapy.
千葉県	医療法人社団明敬会 重城病院	Zimmer Biomet	APS	MANUFACTURER_OFFICIAL_LOCATOR	https://m.kansetsu-life.com/saisei/index.php	Zimmer Biomet-operated locator lists facility for APS therapy.
山梨県	東甲府医院	Zimmer Biomet	APS	MANUFACTURER_OFFICIAL_LOCATOR	https://m.kansetsu-life.com/saisei/index.php	Zimmer Biomet-operated locator lists facility for APS therapy.
山梨県	独立行政法人地域医療機能推進機構 山梨病院	Zimmer Biomet	APS	MANUFACTURER_OFFICIAL_LOCATOR	https://m.kansetsu-life.com/saisei/index.php	Zimmer Biomet-operated locator lists facility for APS therapy.
京都府	医療法人藍整会 なか整形外科 京都西院リハビリテーションクリニック	Zimmer Biomet	APS	MANUFACTURER_OFFICIAL_LOCATOR	https://m.kansetsu-life.com/saisei/index.php	Zimmer Biomet-operated locator lists facility for APS therapy.
大阪府	医療法人讃高会 枚方東整形外科病院	Zimmer Biomet	APS	MANUFACTURER_OFFICIAL_LOCATOR	https://m.kansetsu-life.com/saisei/index.php	Zimmer Biomet-operated locator lists facility for APS therapy.
