mhlw_plan_code	amount	amount_min	amount_max	tax	unit	product	maker
01E2605013	1430000			税込	1部位		
01E2605013	2090000			税込	1部位		
01E2605018	49500			税込	1 回		
03E2210008	100000			税別			
01E2307004	55000			不明			
01E2506011	99000			不明		ACP	Arthrex
01E2506011	330000			不明		Angel	Arthrex
01E2506011	55000			不明		ACP	Arthrex
01E2506011	209000			不明		ACP MAX	Arthrex
01E2506011	385000			不明			
03E2601002	704000			不明	1回	Angel	Arthrex
03E2601002	88000			不明	片側	ACP	Arthrex
03E2601002	187000			不明	1回(1部位)	ACP MAX	Arthrex
03E2601002	352000			不明	1回(1部位)	Angel	Arthrex
03E2601002	374000			不明	両側	ACP MAX	Arthrex
01E2403019	165000			税込			
01E2605002	80000			不明	1回	MyCells	MyCells系
01E2605002	160000			不明	一回	GPS	Zimmer Biomet
02E2306012	33000			税込	1 回		
02E2407035	40000			税別		Condensia	京セラ
02E2407035	50000			税別	1 回	Condensia	京セラ
02E2407035	80000			税別		GPS	Zimmer Biomet
02E2407035	100000			税別	1 回	GPS	Zimmer Biomet
03E2603014	55000			税込			
03E2603015	33000			税込			
02E2505009	3300000			税込	1回		
03E2407009	1650000			税込			
03E2507006	1195000			税込	片膝・培養脂肪幹細胞 約3,000万個	培養脂肪由来幹細胞	
03E2507006	1587500			税込	片膝・培養脂肪幹細胞 約1億個	培養脂肪由来幹細胞	
03E2507006	1735000			税込	両膝同時・約5,000万個ずつ	培養脂肪由来幹細胞	
03E2507007	55000			税込	2 回分		
03E2507007	150000			税込	2 回分		
03E2507008	50000			税込	2 回分		
03E2507008	135000			税込	2 回分		
01G2108005	30000			税別	スモールスピッツ約10ml・1本	PRP	
01G2108005	40000			税別	ラージスピッツ約20ml・1本	PRP	
01G2403006	100000			税別	1回	GPS	Zimmer Biomet
01E2603017	1200000			不明			
01E2603017	1350000			不明			
01E2603017	1800000			不明			
01E2603017	2200000			不明			
01E2601009	30000			税込	1 回	Condensia	京セラ
01E2601009	40000			税込	1 回	Condensia	京セラ
01E2604001	55000			税込	1 回	Condensia	京セラ
01E2603008	1000000			税別	約3,000万個×1回分	脂肪由来幹細胞	
01E2603008	1100000			税別	約5,000万個×1回分	脂肪由来幹細胞	
01E2603008	1500000			税別	約1億個×1回分	脂肪由来幹細胞	
01E2603008	2000000			税別	約3,000万個×3回分	脂肪由来幹細胞	
01E2603008	2300000			税別	約2億個×1回分（1関節）	脂肪由来幹細胞	
01E2603008	2300000			税別	約1億個×2回分（2関節）	脂肪由来幹細胞	
01E2603008	2500000			税別	約1億個×2回分	脂肪由来幹細胞	
01E2603009	50000			税込		ACP	Arthrex
01E2603009	45000			税込		Condensia	京セラ
01E2603009	330000			不明		APS	Zimmer Biomet
01E2603009	110000			不明		GPS	Zimmer Biomet
01E2603009	149600			不明		ACP MAX	Arthrex
01E2603010	50000			税込		ACP	Arthrex
01E2603010	45000			税込		Condensia	京セラ
01E2603010	330000			不明		APS	Zimmer Biomet
01E2603010	110000			不明		GPS	Zimmer Biomet
01E2603010	149600			不明		ACP MAX	Arthrex
01E2402021	50000			税別	1回		
01E2402024	250000			税込	2 回分		
01E2402024	300000			税込	2 回分		
03E2409010	90000			税別	1 回		
01E2101022	30000			税別	1回		
01E2101022	40000			税別	1回		
03E2509015	70000			税込			
03E2607007	77000			税込		Condensia	京セラ
03E2607007	220000			税込		GPS	Zimmer Biomet
03E2607007	330000			税込		APS	Zimmer Biomet
01E2407013	88000			税込		Condensia	京セラ
01E2407013	99000			税込		ACP	Arthrex
01E2407013	110000			税込		GPS	Zimmer Biomet
01E2407013	308000			税込		APS	Zimmer Biomet
03E2404005	75000			税込		Condensia	京セラ
03E2404005	110000			税込		GPS	Zimmer Biomet
03E2402001	55000			税込	1回	MyCells	MyCells系
03E2402001	110000			税込	1回	GPS	Zimmer Biomet
03E2402001	330000			税込	1回	APS	Zimmer Biomet
01E2503026	55000			税込		ACP	Arthrex
01E2503026	198000			税込		ACP MAX	Arthrex
01E2503026	154000			不明		ACP	Arthrex
01E2503026	297000			不明		ACP MAX	Arthrex
01E2303011	110000			税込		GPS	Zimmer Biomet
01E1909025	100000			不明		GPS	Zimmer Biomet
02E2302006	90000			不明		GPS	Zimmer Biomet
01E2109006	33000			税込	2 回分		
02E2504009	90000			税込			
02E2504009	110000			税込			
01E2605011	110000			税込			
01E2511015	44000			税込	1 回		
02E1906017	28000			不明			
01E2005009	40000			税別	1回		
01E2508015	350000			不明	両側	Angel	Arthrex
01E2508015	160000			不明	片側	ACP MAX	Arthrex
01E2508015	250000			不明	片側	Angel	Arthrex
01E2508015	50000			不明		ACP	Arthrex
01E2508016	350000			不明	両側	Angel	Arthrex
01E2508016	160000			不明	片側	ACP MAX	Arthrex
01E2508016	250000			不明	片側	Angel	Arthrex
01E2508016	50000			不明		ACP	Arthrex
01E2506024	27500			税込	2 回分		
01A2603002	2200000			税込			
02A2605003	1870000			税込	1回		
01A2312001	990000			税込	幹細胞2,500万個・1関節	脂肪由来幹細胞	
01A2312001	1430000			税込	幹細胞5,000万個・1関節	脂肪由来幹細胞	
01A2312001	1980000			税込	幹細胞1億個・1関節	脂肪由来幹細胞	
01A2312002	2200000			税込	慢性疼痛・幹細胞点滴	脂肪由来幹細胞	
01A2312003	165000			税込			
03A2505002	2524500			税込	初回治療・脂肪採取＋幹細胞培養＋幹細胞投与	脂肪由来幹細胞	
03A2505002	1375000			税込	2回目以降の治療	脂肪由来幹細胞	
03A2505012	2650000			税込	自家gMSC®1-A移植	自家滑膜間葉系幹細胞由来三次元人工組織	
01C2502010	33000			税込			
01C2502010	66000			税込			
02C2201001	20000			税別	1回		
01C2307046	55000			税込	1 回	ACP	Arthrex
01C2307046	110000			税込		GPS	Zimmer Biomet
02C2601085	550000			税込	1関節・1回投与	脂肪由来幹細胞	
02C2601085	770000			税込	2関節・1回投与	脂肪由来幹細胞	
02C2601085	770000			税込	1関節・2回投与	脂肪由来幹細胞	
02C2601086	55000			税込	1回・1部位	PRP	
02C2601087	55000			税込	1回・1部位	PRP	
01C2409051	55000			税込	1 回(1 部位)		
01C2202017	190000			税込			
01C2202018	190000			税込			
01C2110055	1280000			税別	1回		
02C2501012	77000			税込	1 回(1キット使用)		
02C2501013	77000			税込	1 回(1キット使用)		
02C2512058	185000			税別		GPS	Zimmer Biomet
02C2512058	240000			税別		APS	Zimmer Biomet
02C2601001	185000			税別		GPS	Zimmer Biomet
02C2601001	240000			税別		APS	Zimmer Biomet
01C2410046	77000			税込		GPS	Zimmer Biomet
01C2410046	25300			税込	1 回	MyCells	MyCells系
01C2410046	181500			税込	1回	GPS	Zimmer Biomet
01C2106043	32000			税込	2 回分		
01C2306039	948000			税込	2回		
01C2306039	1408000			税込	2回		
02C2205006	330000			税込		APS	Zimmer Biomet
03C2206012	132000			税込		GPS	Zimmer Biomet
03C2301025	330000			税込		APS	Zimmer Biomet
03C2301026	132000			税込		GPS	Zimmer Biomet
01C2202006	30000			税込	一部位		
02C2503029	27000			税別			
02C2503026	27000			税別			
02C2506050	40000			税別	両側		
02C2506051	50000			税別	両側		
01C2408008	60000			税込		ACP	Arthrex
01C2408009	60000			税込	2 回分	ACP	Arthrex
02C2603018	300000			税別	1回	APS	Zimmer Biomet
02C2605007	20000			税別	1回		
01C2407085	50000			税別	1回		
01C2407086	50000			税別	2 回分		
01C2407086	90000			税別	2 回分		
01C2310044	400000			税込	1施術	APS	Zimmer Biomet
03C2410007	55000			税込	1 回(1 部位)		
03C2410034	55000			税込	両側		
01C2206026	30800			税込			
01C2206026	52800			税込			
02C2311048	30000			税別	ACP・片膝1回・1部位	ACP	Arthrex
02C2311048	300000			税別	APS・1回・1部位	APS	Zimmer Biomet
02C2407017	77000			税込	1 回	ACP	Arthrex
02C2407017	88000			税込		Condensia	京セラ
02C2407017	88000			不明	1 回	Condensia	京セラ
02C2109023	30000			税別	1回		
02C2109024	60000			税別	1回		
02E2405011	100000			税別	1 回	GPS	Zimmer Biomet
01E2503008	30000			税込	1 回	Condensia	京セラ
02E2407030	55000			税込	両側		
02E2507042	120000			税別	関節内PRP	GPS	Zimmer Biomet
02E2507042	280000			税別	関節内PRP	APS	Zimmer Biomet
02E2507043		90000	120000	税別	軟部組織PRP	GPS	Zimmer Biomet
02E2509003	880000			不明	片膝2回・5000万個×2回培養・1回目	脂肪由来幹細胞	
02E2509003	660000			不明	片膝2回・5000万個×2回培養・2回目	脂肪由来幹細胞	
02E2509003	1210000			不明	両膝2回・1億個×2回培養・1回目	脂肪由来幹細胞	
02E2509003	880000			不明	両膝2回・1億個×2回培養・2回目	脂肪由来幹細胞	
02E2509003	1320000			不明	片膝2回投与・1億個×1回培養・1回目	脂肪由来幹細胞	
02E2509003	0			不明	片膝2回投与・1億個×1回培養・2回目	脂肪由来幹細胞	
02E2509003	1760000			不明	両膝2回投与・2億個×1回培養・1回目	脂肪由来幹細胞	
02E2509003	0			不明	両膝2回投与・2億個×1回培養・2回目	脂肪由来幹細胞	
01E2509005	352000			不明		ACP MAX	Arthrex
01E2509005	55000			不明		ACP	Arthrex
01E2509005	99000			不明		ACP	Arthrex
01E2509005	187000			不明		ACP	Arthrex
01E2509005	198000			不明		ACP MAX	Arthrex
01E2509005	132000			不明		ACP	Arthrex
01E2509005	253000			不明		ACP	Arthrex
01E2509006	352000			不明		ACP MAX	Arthrex
01E2509006	55000			不明		ACP	Arthrex
01E2509006	99000			不明		ACP	Arthrex
01E2509006	187000			不明		ACP	Arthrex
01E2509006	198000			不明		ACP MAX	Arthrex
01E2509006	132000			不明		ACP	Arthrex
01E2509006	253000			不明		ACP	Arthrex
01E2402018	330000			税込	1 回	APS	Zimmer Biomet
01E2402018	165000			税込	1 回	PEAK	PEAK系
01E2402019	110000			税込	1 回	PEAK	PEAK系
01C2501014	660000			税込	片側・5000万cells		
01C2501014	880000			税込	片側・1億cells		
01C2501014	1120000			税込	両側・計1億cells		
01C2501014	1450000			税込	両側・計2億cells		
02C2510040	220000			税込		APS	Zimmer Biomet
02C2510041	66000			税込	1 回	Condensia	京セラ
01C2509053	50000			税別	1 回(1 部位)	ACP	Arthrex
01C2509053	35000			税別		ACP	Arthrex
01C2509053	150000			不明	1 回(1 部位)	ACP MAX	Arthrex
01C2509053	35000			不明	1 回(1 部位)	ACP	Arthrex
01C2509053	95000			不明	1 回(1 部位)	ACP	Arthrex
01C2508068	30000			税込			
01C2508068	50000			税込			
01C2606058	28500			税込	1 回	Condensia	京セラ
02C2001042	20000			税込			
03C2607036	100000			税別			
03C2411029	770000			不明	片側		
03C2411029	1320000			不明	片側		
03C2411029	2200000			不明			
03C2405006	124000			不明	1回		
01C2506018	45000			税込	ライトPRP	ACP	Arthrex
01C2506018	168000			税込	スタンダードPRP	ACP MAX	Arthrex
01C2506018	248000			税込	プレミアムPRP	Angel	Arthrex
01C2506018	88000			税込	ライトPRPダブルショット	ACP	Arthrex
01C2506018	298000			税込	プレミアムPRP・2部位	Angel	Arthrex
03C2408003	150000			不明	1 回	GPS	Zimmer Biomet
03C2408003	300000			不明	1 回	APS	Zimmer Biomet
01C2402038	49800			税込	1回(採血1 回分)		
01C2102010	38000			税別	2 回分		
01C2102010	68400			税別	2 回分		
01C2102011	38000			税別	2 回分		
01C2102011	68400			税別	2 回分		
02C2607073	44000			税込			
03C2509048	165000			税込		GPS	Zimmer Biomet
03C2509048	330000			税込		APS	Zimmer Biomet
02C2507037	1287000			税込			
02C2507037	1749000			税込			
02C2512057	660000			税込	1 回	APS	Zimmer Biomet
03C2305016	300000			不明	PRP変形性膝関節症治療・採血＋投与3回分	PRP	
01C1903025	80000			不明	1回	APS	Zimmer Biomet
01C1903025	280000			不明	1回	APS	Zimmer Biomet
02C2411082	500000			不明	1回		
02C2411082	1000000			不明	3回		
01C2204013	1000000			税込	1 回		
01C2204013	2000000			税込	1 回		
01C2204013	3000000			税込	1 回		
01C2212041	33000			税込	1 回		
02C2412031	2488000			税込			
01C2303014	60000			税込			
01C2603013	99600			税込		APS / GPS	Zimmer Biomet
01C2603013	149600			税込		GPS	Zimmer Biomet
01C2603013	349600			税込		APS	Zimmer Biomet
02G1911002	75000			不明	1回		
01G2212005	100000			不明		GPS	Zimmer Biomet
01G2010001	29700			税込	1回		
01E2505021	2750000			税込			
01E2505022	2500000			税込			
01E2412017	1650000			税込	1回		
01E2502004	154000			税込			
01E2502004	242000			税込			
01E2602015	2420000			税込	1 回		
01E2112013	100000			税別			
01E2511022	38500			税込			
01E2505003	33000			税込			
01E2511002	49000			税込		ACP	Arthrex
01E2511002	169000			税込		ACP MAX	Arthrex
03E2512005	300000			不明	両側	Angel	Arthrex
03E2512005	49000			不明	片側	ACP	Arthrex
03E2512005	250000			不明	両側	Angel	Arthrex
01E2511017	55000			不明			
02E2601002	1650000			税込	1回		
03E2506014	1200000			不明	片膝・1億個・1回	骨髄由来幹細胞	
03E2506014	1400000			不明	両膝・5千万個×2・1回	骨髄由来幹細胞	
03E2506014	1700000			不明	片膝・1.5億個・1回	骨髄由来幹細胞	
03E2506014	1900000			不明	両膝・7.5千万個×2・1回	骨髄由来幹細胞	
03E2506014	2400000			不明	両膝・1億個×2・1回	骨髄由来幹細胞	
01E2403004	33000			税込			
01E2403004	55000			税込			
01E2508030	990000			不明			
01E2604018	82500			税込	1回		
01E2604018	165000			税込	1回		
01E2604018	41250			税込	3回分		
01E2604018	288750			税込	2回分		
01E2506022	30000			不明	1部位	Condensia	京セラ
01E2506022	50000			不明	1部位	Condensia	京セラ
01E2506022	85000			不明	1部位	Condensia	京セラ
01E2506022	120000			不明	1部位	GPS	Zimmer Biomet
03E2603007	100000			不明	1回		
01E2510014	1100000			不明	1部位		
01E2510014	1650000			不明	1回		
02E2308012	55000			不明		GPS	Zimmer Biomet
02E2308012	99000			不明		GPS	Zimmer Biomet
02E2401006	1650000			不明	1部位		
02E2401006	2200000			不明	1部位		
01E2510012	1100000			不明	1部位		
01E2510012	1650000			不明	1回		
02E2508013	1650000			不明	1部位		
02E2508013	2200000			不明	1部位		
02E2508014	66000			不明		APS	Zimmer Biomet
02E2508014	165000			不明		GPS	Zimmer Biomet
02E2508014	385000			不明		APS	Zimmer Biomet
02E2508014	200000			不明		GPS	Zimmer Biomet
02E2508015	55000			不明	1回		
01E2604003	750000			不明			
01E2504019	60500			不明		ACP	Arthrex
01E2504019	137500			不明		MAGELLAN	MAGELLAN系
01E2504019	269500			不明		MAGELLAN	MAGELLAN系
01E2411018	33000			税込			
01E2104018	30900			税込	2 回分		
02E2606005	250000			税込			
01E2606017	2200000			税込	1膝・1億個投与	脂肪由来幹細胞	
01E2510034	4400000			税込	1回		
02E2606021	3355000			税込	1回		
01E2307007	40800			税込	PRP 1mL・採血約10mL	PRP	
01E2307007	62800			税込	PRP 2mL・採血約20mL	PRP	
03E2409028	1320000			税込			
01E2304028	600000			税別			
03E2103018	600000			税別			
02E2508010	150000			税別		GPS	Zimmer Biomet
01E2603014	48000			税別		ACP	Arthrex
01E2603014	149000			税別		ACP MAX	Arthrex
03E2603012	200000			不明		GPS	Zimmer Biomet
03E2603012	300000			不明		APS	Zimmer Biomet
02E2205013	100000			税別		GPS	Zimmer Biomet
01E2310023	49500			税込			
01E2310024	49500			税込			
01E2302002	55000			税込	Condensia 1キット	Condensia	京セラ
03E2404012	49000			税込	2 回分		
03E2404012	90000			税込	2 回分		
01E2302007	49000			不明		APS	Zimmer Biomet
01E2302007	300000			不明		APS	Zimmer Biomet
01E2302007	200000			不明		GPS	Zimmer Biomet
02E2510002	200000			税込		APS	Zimmer Biomet
02E2510002	400000			税込		APS	Zimmer Biomet
01E1904021	150000			不明		GPS	Zimmer Biomet
01E1904021	350000			不明		APS	Zimmer Biomet
01E2308018	55000			税込			
01E2308019	33000			税込			
01E2408018	36000			税別			
01E2408019	36000			税別	2 回分		
01E2408019	72000			税別	2 回分		
03E2405011	110000			税込			
03E2405011	110000			不明	1 回		
03E2405011	220000			不明			
03E2405011	165000			不明			
02E2508006	1320000			税込	1回(1部位)		
01E2603003	1000000			税込	ASC治療		
01E2604023	100000			税別	1部位	GPS	Zimmer Biomet
01E2604023	150000			税別	1部位	GPS	Zimmer Biomet
01E2604023	350000			税別	1部位	APS	Zimmer Biomet
01E2501002	1210000			税込	3回		
01E2501002	2095500			税込	3回		
01E2412014	66000			税込	1 回		
01E2312020	880000			税込	ASC・1関節	脂肪由来幹細胞	
01E2312020	1210000			税込	ASC・2関節	脂肪由来幹細胞	
01E2312020	1485000			税込	ASC・3関節	脂肪由来幹細胞	
01E2408024	3000000			不明			
01E2408024	3500000			不明			
01E2411001	33000			税込			
03E2005002	300000			税別	1回		
03E2005003	90000			不明		GPS	Zimmer Biomet
03E2602011	19800			税別	院内PRP 1回	院内PRP	
03E2602011	37620			税別	院内PRP 2回コース総額	院内PRP	
03E2602011	53460			税別	院内PRP 3回コース総額	院内PRP	
03E2602011	71280			税別	院内PRP 4回コース総額	院内PRP	
03E2602011	89100			税別	院内PRP 5回コース総額	院内PRP	
03E2602011	100980			税別	院内PRP 6回コース総額	院内PRP	
03E2602011	117810			税別	院内PRP 7回コース総額	院内PRP	
03E2602011	134640			税別	院内PRP 8回コース総額	院内PRP	
03E2602011	142560			税別	院内PRP 9回コース総額	院内PRP	
03E2602011	158400			税別	院内PRP 10回コース総額	院内PRP	
03E2602011	150000			税別	高濃度PRP 1回	高濃度PRP	
03E2602011	285000			税別	高濃度PRP 2回コース総額	高濃度PRP	
03E2602011	405000			税別	高濃度PRP 3回コース総額	高濃度PRP	
03E2602011	540000			税別	高濃度PRP 4回コース総額	高濃度PRP	
03E2602011	675000			税別	高濃度PRP 5回コース総額	高濃度PRP	
03E2602011	765000			税別	高濃度PRP 6回コース総額	高濃度PRP	
03E2602011	892500			税別	高濃度PRP 7回コース総額	高濃度PRP	
03E2602011	1020000			税別	高濃度PRP 8回コース総額	高濃度PRP	
03E2602011	1080000			税別	高濃度PRP 9回コース総額	高濃度PRP	
03E2602011	1200000			税別	高濃度PRP 10回コース総額	高濃度PRP	
03E2602012	19800			税別	院内PRP 1回	院内PRP	
03E2602012	37620			税別	院内PRP 2回コース総額	院内PRP	
03E2602012	53460			税別	院内PRP 3回コース総額	院内PRP	
03E2602012	71280			税別	院内PRP 4回コース総額	院内PRP	
03E2602012	89100			税別	院内PRP 5回コース総額	院内PRP	
03E2602012	100980			税別	院内PRP 6回コース総額	院内PRP	
03E2602012	117810			税別	院内PRP 7回コース総額	院内PRP	
03E2602012	134640			税別	院内PRP 8回コース総額	院内PRP	
03E2602012	142560			税別	院内PRP 9回コース総額	院内PRP	
03E2602012	158400			税別	院内PRP 10回コース総額	院内PRP	
03E2602012	150000			税別	高濃度PRP 1回	高濃度PRP	
03E2602012	285000			税別	高濃度PRP 2回コース総額	高濃度PRP	
03E2602012	405000			税別	高濃度PRP 3回コース総額	高濃度PRP	
03E2602012	540000			税別	高濃度PRP 4回コース総額	高濃度PRP	
03E2602012	675000			税別	高濃度PRP 5回コース総額	高濃度PRP	
03E2602012	765000			税別	高濃度PRP 6回コース総額	高濃度PRP	
03E2602012	892500			税別	高濃度PRP 7回コース総額	高濃度PRP	
03E2602012	1020000			税別	高濃度PRP 8回コース総額	高濃度PRP	
03E2602012	1080000			税別	高濃度PRP 9回コース総額	高濃度PRP	
03E2602012	1200000			税別	高濃度PRP 10回コース総額	高濃度PRP	
02E2602004	1287000			税込			
02E2602004	1749000			税込			
02E2508017	28000			税込	1回	Condensia	京セラ
02E2603004	25000			税込	1回	Condensia	京セラ
01E2111002	33000			税込	Condensia 1キット	Condensia	京セラ
02E2603028	165000			税込	1回		
02E2603029	165000			税込	1回		
02E2603032	1870000			税込	1回		
01E2503001	55000			税込		ACP	Arthrex
01E2503001	209000			税込		ACP MAX	Arthrex
01E2503001	99000			税込		ACP	Arthrex
01E2503002	55000			税込		ACP	Arthrex
01E2503002	99000			税込		ACP	Arthrex
01E2503002	209000			税込		ACP MAX	Arthrex
01E2004008	50000			税別	1回		
01E2004008	260000			税別	1回		
01E2111019	30000			税別	関節外PRP・1キット	Condensia	京セラ
01E2111019	25000			税込	関節外PRP・学生・1キット	Condensia	京セラ
02E2507045	15000			税別			
01E2403006	30000			税込	注射1回		
01E2505012	50000			税込	初回お試し	PRP	
01E2505012	60000			税込	1回（2回目以降）	PRP	
01E2505012	165000			税込	3回セット	PRP	
01E2505013	50000			税込	初回お試し	PRP	
01E2505013	60000			税込	1回（2回目以降）	PRP	
01E2505013	165000			税込	3回セット	PRP	
01E2409003	1650000			税込	1回		
03E2406016	1650000			税込	1回		
03E2604001	49500			税込	両側		
03E2604002	31900			税込	1回		
02E2309002	100000			税別	一部位		
02E2310001	1650000			税込			
02E2310001	2200000			税込			
02E2602002	1320000			税込	1部位・幹細胞5,000万〜1億個移植	脂肪由来幹細胞	
02E2602002	1540000			税込	2部位・幹細胞5,000万〜1億個移植	脂肪由来幹細胞	
02E2508002	110000			税込		GPS	Zimmer Biomet
02E2508002	330000			税込		APS	Zimmer Biomet
01E2508022	35000			税別		ACP	Arthrex
01E2508022	185000			税別		ACP MAX	Arthrex
02E2509009	33000			税込		Condensia	京セラ
02E2509009	150000			税込		GPS	Zimmer Biomet
01E2604026	100000			税別		GPS	Zimmer Biomet
01E2604026	150000			税別		GPS	Zimmer Biomet
01E2604026	350000			税別		APS	Zimmer Biomet
01E2604026	600000			税別		APS	Zimmer Biomet
01E2508012	3200000			税込	両ひざ・1億個・1回・非冷凍	脂肪由来幹細胞	
01E2303002	110000			税込	血液分離専用容器キット・施術1回	PRP	
01E2102010	100000			税別		GPS	Zimmer Biomet
01E2203003	49000			不明	1回		
01G1906013	100000			不明		GPS	Zimmer Biomet
01G2404003	55000			税込	1 回		
01G2408006	70000			税別	1 回	ACP	Arthrex
01G2301006	110000			税込			
01D2605006	70000			税込	1 回	Condensia	京セラ
01B2403004	25000			税込	1 回		
01B2403004	50000			税込	1 回		
01F2108003	38280			税込	ACP・1部位（1キット）	ACP	Arthrex
01F2108003	54780			税込	ACP・2部位（2キット）	ACP	Arthrex
01F2108003	27280			税込	ACP・学生・1部位（1キット）	ACP	Arthrex
01F2108003	32780			税込	Condensia・1部位（1キット）	Condensia	京セラ
01F2108003	43780			税込	Condensia・2部位（2キット）	Condensia	京セラ
01F2108003	21780			税込	Condensia・学生・1部位（1キット）	Condensia	京セラ
01F2310002	100000			税別	軟部組織治療・費用例	PRP	
01F2505004	20000			税別	1部位	ACP	Arthrex
01F2505004	35000			税別	1部位	ACP	Arthrex
01F2505004	180000			税別	1部位	ACP MAX	Arthrex
01F2505004	20000			不明	1部位	ACP	Arthrex
02F2502002	30000			税別		ACP	Arthrex
02F2502002	160000			税別		ACP MAX	Arthrex
02F2502002	260000			税別		Angel	Arthrex
02F2604002	24200			税込	2 回		
03F2511004	100000			税別	軟部組織治療・費用例	PRP	
01D2603004	1000000			税込	PRP 筋肉・腱・靭帯治療 2回投与	PRP	
01D2603004	1800000			税込	PRP 筋肉・腱・靭帯治療 4回投与	PRP	
01D2512001	1320000			税込	自己脂肪由来幹細胞・5000万個・1回	脂肪由来幹細胞	
01D2512001	1760000			税込	自己脂肪由来幹細胞・1億個・1回	脂肪由来幹細胞	
01D2512001	2970000			税込	自己脂肪由来幹細胞・1億個×2回	脂肪由来幹細胞	
01D2512001	4070000			税込	自己脂肪由来幹細胞・1億個×3回	脂肪由来幹細胞	
01D2512001	2750000			税込	自己脂肪由来幹細胞・2億個・1回	脂肪由来幹細胞	
01D1907003	100000			不明	1 回		
01D2401002	290000			税込	1回	APS	Zimmer Biomet
01D2401002	33000			税込	1 回	ACP	Arthrex
01D2401002	90000			税込	1 回	GPS	Zimmer Biomet
01D2401002	200000			税込		PEAK	PEAK系
03D2505020	30000			不明	採血10ml・PRP約1ml	PRP	
03D2505020	45000			不明	採血20ml・PRP約2ml	PRP	
01D2511003	55000			税込	1部位		
03D2205001	30000			税別	1回		
03D2506004	15000			税別	PRP 1mL・学生	PRP	
03D2506004	20000			税別	PRP 1mL・一般	PRP	
01D2401004	40000			税別	1回	ACP	Arthrex
01D2401004	200000			税別	1回	Angel	Arthrex
01D2601004	59800			税込	1 回	Condensia	京セラ
01C2503073	50000			税別	1 回(1 部位)	ACP	Arthrex
01C2503073	35000			税別		ACP	Arthrex
01C2503073	150000			不明	1 回(1 部位)	ACP MAX	Arthrex
01C2503073	35000			不明	1 回(1 部位)	ACP	Arthrex
01C2503073	95000			不明	1 回(1 部位)	ACP	Arthrex
02C2512025	35000			税込	1 回(1 部位)	ACP	Arthrex
02C2512025	50000			税込	1 回(1 部位)	ACP	Arthrex
02C2512025	95000			税込	1 回(1 部位)	ACP	Arthrex
02C2512025	150000			税込	1 回(1 部位)	ACP MAX	Arthrex
02C2512025	650000			不明	1 回(1 部位)	ACP	Arthrex
02C2512027	1000000			税別	約3,000万個×1回分	脂肪由来幹細胞	
02C2512027	1100000			税別	約5,000万個×1回分	脂肪由来幹細胞	
02C2512027	1500000			税別	約1億個×1回分	脂肪由来幹細胞	
02C2512027	2000000			税別	約3,000万個×3回分	脂肪由来幹細胞	
02C2512027	2300000			税別	約2億個×1回分（1関節）	脂肪由来幹細胞	
02C2512027	2300000			税別	約1億個×2回分（2関節）	脂肪由来幹細胞	
02C2512027	2500000			税別	約1億個×2回分	脂肪由来幹細胞	
02C2512027	1800000			税別	約1億個×1回分（骨髄内幹細胞投与）	脂肪由来幹細胞	
02C2512027	1900000			税別	約1億個×1回分（関節内＋骨髄内幹細胞投与）	脂肪由来幹細胞	
02C2504115	1500000			税別			
02C2504115	1800000			税別			
02C2504115	2200000			税別			
02C2504115	2500000			税別			
02C2504115	1650000			税別			
02C2504115	1980000			税別			
02C2504115	2420000			税別			
02C2504115	2750000			税別			
01C2304054	990000			税込	2 回		
01C2304054	1320000			税込	2 回		
01C2305018	132000			税込			
01C2305018	231000			不明			
01C2305019	165000			税込			
01C2305019	297000			不明			
03C2508035	1200000			不明	3回		
01C2510013	246000			不明	6 回	APS	Zimmer Biomet
01C2510013	1107000			不明	6 回		
01C2510013	50000			不明	6 回	APS	Zimmer Biomet
01C2602017	200000			不明		Angel	Arthrex
01C2602017	30000			不明		ACP	Arthrex
01C2602017	100000			不明		ACP MAX	Arthrex
02C2603063	1078000			不明	関節1箇所・0.5〜1億cells	自家脂肪由来幹細胞	
02C2603063	1485000			不明	関節2箇所・1〜2億cells	自家脂肪由来幹細胞	
01C2509020	3300000			不明	脂肪由来間葉系幹細胞 採取・投与	脂肪由来幹細胞	
01C2605016	198000			税込	1回		
01C2205034	60000			税込	1 回		
01C2205034	75000			税込	1 回		
01C2205035	60000			税込	1 回		
01C2205035	75000			税込	1 回		
02C2502084	100000			税別		ACP	Arthrex
02C2502084	150000			税別		GPS	Zimmer Biomet
02C2502084	300000			税別		APS	Zimmer Biomet
01C2302048	44000			税込	2 回分		
01C2211047	50000			税込	2 回分		
01C2211048	50000			税込	2 回分		
01C2503082	50000			税別	1 回(1 部位)	ACP	Arthrex
01C2503082	35000			税別		ACP	Arthrex
01C2503082	35000			不明	1 回(1 部位)	ACP	Arthrex
01C2503082	95000			不明	1 回(1 部位)	ACP	Arthrex
01C2503082	150000			不明	1 回(1 部位)	ACP MAX	Arthrex
02C2606015	800000			税別	日本の健康保険証をお持ちの方	脂肪由来幹細胞	
02C2606015	1300000			税別	日本の健康保険証をお持ちでない方	脂肪由来幹細胞	
02C2606022	800000			税別	治療1回	脂肪由来幹細胞	
03C2408009	319000			税込	2 回分		
01C2309047	2000000			不明			
01C2309047	1500000			不明			
01C2503004	1320000			税込			
01C2608022	20000			税別	2 回		
01C2608022	50000			税別	2 回		
01C2608022	200000			税別			
01C2601039	220000			税込	両側		
01C2602055	6600000			不明	1 回		
01C2602055	1650000			不明	1 回		
01C2602055	3300000			不明	1 回		
01C2604033	1450000			税別	1回		
01C2506042	35000			税別			
01C2411030	4400000			税込	1回		
01C2411030	2200000			税込	1回		
02C2604009	1800000			税別	2 回		
02C2604009	1980000			税別	2 回		
02C2604009	3000000			税別	2 回		
02C2604009	3300000			税別	2 回		
01C2307019	1300000			税別	1 回		
01C2307019	1400000			税別	1 回		
01C2307019	1500000			税別	1 回		
01C2307019	1100000			不明			
01C2307019	1200000			不明			
01C2307019	1300000			不明			
01C2307019	1600000			不明			
01C2307019	1800000			税別	1 回		
01C2605046	3650000			税込	1回		
01C2605046	6200000			税込	1回		
01C2605046	11300000			税込	1回		
01C2207036	40000			税別		ACP	Arthrex
01C2207036	200000			税別		ACP	Arthrex
01C2207036	300000			税別		ACP	Arthrex
01C2603035	198000			税込	PRP-PRO・片膝1関節1クール		
01C2603035	328900			税込	PRP-PRO・両膝2関節1クール		
01C2601051	132000			税込			
01C2601051	132000			不明	1 回		
01C2602050	600000			税込			
03C2108001	100000			不明		GPS	Zimmer Biomet
03C2108001	300000			不明		APS	Zimmer Biomet
01C2602002	3690500			税込	2 回		
02C2512087	3690500			税込	2 回		
02C2310061	4500000			不明	軟骨組織採取＋ACC移植・片膝	ACC	
02C2310061	3000000			不明	ACC再移植・片膝	ACC	
01C2509025	2200000			税込	1回		
01C2506006	1500000			税別	1 回		
01C2506006	3000000			税別	1 回		
01C2506006	6000000			税別	1 回		
01C2603033	27000			税別			
01C2603033	36000			税別			
01C2603033	70000			税別			
02C2602047	2200000			税込	変形性関節症・片膝・幹細胞1回	脂肪由来幹細胞	
03C2603001	242000			税込	PRP 1cc	PRP	
03C2603001	435600			税込	PRP 2cc	PRP	
03C2603001	580800			税込	PRP 3cc	PRP	
03C2603001	677600			税込	PRP 4cc	PRP	
01C2510019	1650000			税別	1回		
01C2503018	55000			税込	1 回		
01C2508095	980000			税込	1部位		
01C2508095	1180000			税込	1部位		
01C2308049	55000			税込	1 回		
01C2308049	88000			税込			
01C2308049	88000			不明	1 回		
01C2308049	55000			不明			
01C2303029	55000			税込		ACP	Arthrex
01C2303029	165000			税込		GPS	Zimmer Biomet
01C2504058	50000			税別		ACP	Arthrex
01C2504058	180000			税別		ACP MAX	Arthrex
01C2504058	100000			税別		ACP	Arthrex
01C1905038	80000			税別	PRP注射・1関節	PRP	
01C2301064	100000			税別	1 回	GPS	Zimmer Biomet
01C2301064	270000			税別	1 回	APS	Zimmer Biomet
01C2509046	1000000			税別	1 回		
01C2509046	1200000			税別	1 回		
01C2509046	1600000			税別	1 回		
01C2509046	2000000			税別	1 回		
01C2601038	1000000			税別	1 回		
01C2601038	1200000			税別	1 回		
01C2601038	1600000			税別	1 回		
01C2601038	2000000			税別	1 回		
02C1907031	20000			税別	筋・腱・靭帯・PRP注射1単位	PRP	
02C1907031	40000			税別	筋・腱・靭帯・PRP注射2単位	PRP	
02C1907031	80000			税別	関節腔内・PRP注射1単位	PRP	
02C2602025	3300000			税込	1回	脂肪由来幹細胞	
01C2303024	1650000			税込	1回		
01C2309066	1000000			税別	1 回		
01C2309066	1100000			税別	1 回		
01C2309066	1300000			税別	1 回		
01C2309066	1400000			税別	1 回		
01C2309066	600000			税別			
01C2309066	650000			税別			
01C2309066	800000			税別			
01C2404039	350000			税込	0.5億cells	脂肪由来幹細胞	
01C2404039	700000			税込	1億cells	脂肪由来幹細胞	
01C2404039	1400000			税込	2億cells	脂肪由来幹細胞	
01C2404039	2100000			税込	3億cells	脂肪由来幹細胞	
01C2404043	350000			税込	0.5億cells	脂肪由来幹細胞	
01C2404043	700000			税込	1億cells	脂肪由来幹細胞	
01C2404043	1400000			税込	2億cells	脂肪由来幹細胞	
01C2404043	2100000			税込	3億cells	脂肪由来幹細胞	
02C2505006	1000000			不明	片膝・1億セルあたり（概算）	脂肪由来幹細胞	
02C2505009	350000			税込	0.5億cells	脂肪由来幹細胞	
02C2505009	700000			税込	1億cells	脂肪由来幹細胞	
02C2505009	1400000			税込	2億cells	脂肪由来幹細胞	
02C2505009	2100000			税込	3億cells	脂肪由来幹細胞	
02C2505010	350000			税込	0.5億cells	脂肪由来幹細胞	
02C2505010	700000			税込	1億cells	脂肪由来幹細胞	
02C2505010	1400000			税込	2億cells	脂肪由来幹細胞	
02C2505010	2100000			税込	3億cells	脂肪由来幹細胞	
02C2409026	660000			税込	1回		
01C2604016	1815000			税込	1回(1部位)		
02C2409025	1815000			税込	1回(1部位)		
02C2607072	1815000			税込	1回(1部位)		
02C2604018	1320000			税込	1回		
01C2507016	990000			税込	片膝・5000万cell		
01C2507016	1320000			税込	片膝・1億cell		
01C2507016	1320000			税込	両膝・計1億cell		
01C2507016	2200000			税込	両膝・計2億cell		
01C2401005	44000			税込	1 回	MyCells	MyCells系
02C2508027	3520000			税込	骨髄由来幹細胞1億個・動脈投与	骨髄由来幹細胞	
02C2508027	4620000			税込	骨髄由来幹細胞2億個・動脈投与	骨髄由来幹細胞	
02C2508046	3520000			税込	骨髄由来幹細胞1億個・局所投与	骨髄由来幹細胞	
02C2508046	4620000			税込	骨髄由来幹細胞2億個・局所投与	骨髄由来幹細胞	
02C2605032	2970000			税込	脂肪由来幹細胞1億個・局所投与	脂肪由来幹細胞	
02C2605032	3960000			税込	脂肪由来幹細胞2億個・局所投与	脂肪由来幹細胞	
02C2605032	4950000			税込	脂肪由来幹細胞3億個・局所投与	脂肪由来幹細胞	
02C2605078	2970000			税込	脂肪由来幹細胞1億個・動脈投与	脂肪由来幹細胞	
02C2605078	3960000			税込	脂肪由来幹細胞2億個・動脈投与	脂肪由来幹細胞	
02C2605078	4950000			税込	脂肪由来幹細胞3億個・動脈投与	脂肪由来幹細胞	
02C2511027	44000			税込	ACP	ACP	Arthrex
02C2511027	165000			税込	ACP MAX	ACP MAX	Arthrex
02C2511027	250000			税込	Angel	Angel	Arthrex
02C2511027	44000			税込	Condensia	Condensia	京セラ
02C2511027	110000			税込	PRGF	PRGF-Endoret	BTI
01C2110051	1280000			税別	1回		
01C1911022	150000			税別		GPS	Zimmer Biomet
01C1911022	320000			税別		APS	Zimmer Biomet
01C2310059	150000			不明	膝関節・片側・1クール3回	PRP	
01C2310059	100000			不明	股関節・片側・1回	PRP	
01C2310059	40000			不明	肩関節・片側・1回	PRP	
02C2608034	3300000			税込	初回投与	脂肪由来幹細胞	
02C2608034	2640000			税込	2回目以降投与	脂肪由来幹細胞	
02C2607062	3520000			税込	初代培養・初回・1億個×1回・局所投与	骨髄由来幹細胞	
02C2607062	4620000			税込	初代培養・初回・2億個（1億×2回）・局所投与	骨髄由来幹細胞	
02C2607062	5500000			税込	初代培養・初回・4億個（1億×4回）・局所投与	骨髄由来幹細胞	
02C2607062	2970000			税込	解凍培養・2回目・1億個×1回・局所投与	骨髄由来幹細胞	
02C2607062	4070000			税込	解凍培養・2回目・2億個（1億×2回）・局所投与	骨髄由来幹細胞	
02C2607062	4950000			税込	解凍培養・2回目・4億個（1億×4回）・局所投与	骨髄由来幹細胞	
02C2607063	3520000			税込	初代培養・初回・1億個×1回・動脈投与	骨髄由来幹細胞	
02C2607063	4620000			税込	初代培養・初回・2億個（1億×2回）・動脈投与	骨髄由来幹細胞	
02C2607063	5500000			税込	初代培養・初回・4億個（1億×4回）・動脈投与	骨髄由来幹細胞	
02C2607063	2970000			税込	解凍培養・2回目・1億個×1回・動脈投与	骨髄由来幹細胞	
02C2607063	4070000			税込	解凍培養・2回目・2億個（1億×2回）・動脈投与	骨髄由来幹細胞	
02C2607063	4950000			税込	解凍培養・2回目・4億個（1億×4回）・動脈投与	骨髄由来幹細胞	
02C1905014	1500000			税別	施術費用	脂肪由来幹細胞	
02C1909204	88000			税込	PRP注射1関節・採血30-32mL / PRP 4mL	PRP	
02C2001038	20000			税別			
02C2001038	40000			税別			
01C2411071	54000			税別		ACP	Arthrex
01C2411071	180000			税別		ACP	Arthrex
01C2411071	270000			税別		ACP	Arthrex
02C2511038	200000			税別		ACP MAX	Arthrex
01C2601015	550000			税込	2 回		
01C2510034	1540000			税込	2 回		
01C2509059	660000			税込	1回		
01C2509060	1650000			税込	1 回		
02C2604055	1185800			税込	片膝・1億個・1回		
02C2604055	1633500			税込	両膝・2億個・1回		
02C2608014	1078000			税別	片膝・幹細胞1億セル	自家間葉系幹細胞	
02C2608014	1485000			税別	両膝・各1億セル	自家間葉系幹細胞	
02C2506086	3520000			税込	初代培養・初回・1億個×1回・動脈投与	骨髄由来幹細胞	
02C2506086	4620000			税込	初代培養・初回・2億個（1億×2回）・動脈投与	骨髄由来幹細胞	
02C2506086	5720000			税込	初代培養・初回・3億個（1億×3回）・動脈投与	骨髄由来幹細胞	
02C2506086	2970000			税込	解凍培養・2回目・1億個×1回・動脈投与	骨髄由来幹細胞	
02C2506086	4070000			税込	解凍培養・2回目・2億個（1億×2回）・動脈投与	骨髄由来幹細胞	
02C2506086	5170000			税込	解凍培養・2回目・3億個（1億×3回）・動脈投与	骨髄由来幹細胞	
02C2508047	3520000			税込	初代培養・初回・1億個×1回・局所投与	骨髄由来幹細胞	
02C2508047	4620000			税込	初代培養・初回・2億個（1億×2回）・局所投与	骨髄由来幹細胞	
02C2508047	5720000			税込	初代培養・初回・3億個（1億×3回）・局所投与	骨髄由来幹細胞	
02C2508047	2970000			税込	解凍培養・2回目・1億個×1回・局所投与	骨髄由来幹細胞	
02C2508047	4070000			税込	解凍培養・2回目・2億個（1億×2回）・局所投与	骨髄由来幹細胞	
02C2508047	5170000			税込	解凍培養・2回目・3億個（1億×3回）・局所投与	骨髄由来幹細胞	
02C2605064	2970000			税込	初代培養・初回・1億個×1回・動脈投与	脂肪由来幹細胞	
02C2605064	3960000			税込	初代培養・初回・2億個（1億×2回）・動脈投与	脂肪由来幹細胞	
02C2605064	4950000			税込	初代培養・初回・4億個（1億×4回）・動脈投与	脂肪由来幹細胞	
02C2605064	6050000			税込	初代培養・初回・6億個（1億×6回）・動脈投与	脂肪由来幹細胞	
02C2605064	7150000			税込	初代培養・初回・8億個（1億×8回）・動脈投与	脂肪由来幹細胞	
02C2605064	2255000			税込	解凍培養・2回目・1億個×1回・動脈投与	脂肪由来幹細胞	
02C2605064	3355000			税込	解凍培養・2回目・2億個（1億×2回）・動脈投与	脂肪由来幹細胞	
02C2605064	4400000			税込	解凍培養・2回目・4億個（1億×4回）・動脈投与	脂肪由来幹細胞	
02C2605064	4840000			税込	解凍培養・2回目・6億個（1億×6回）・動脈投与	脂肪由来幹細胞	
02C2605064	5720000			税込	解凍培養・2回目・8億個（1億×8回）・動脈投与	脂肪由来幹細胞	
01C2503012	22000			税込	1 回	ACP	Arthrex
01C2503012	148500			税込		ACP MAX	Arthrex
01C2503012	181500			不明		Angel	Arthrex
01C2509014	500000			税別	1 回		
01C2509014	800000			税別	1 回		
02C2511037	200000			税別		ACP MAX	Arthrex
01C2510080	1800000			税別			
01C2511030	75000			不明	1 回	ACP MAX / ACP	Arthrex
01C2511030	220000			不明		ACP MAX	Arthrex
01C2511030	25000			税込			
01C2511030	25000			不明	1 回		
01C2511030	50000			不明	1 回		
02C2203026	750000			税別	1 回		
02C2203026	1000000			税別	1 回		
02C2203026	1500000			税別	1 回		
01C2601014	66000			不明	1回	MyCells	MyCells系
01C2601014	132000			不明	1回	GPS	Zimmer Biomet
01C2601014	308000			不明	1回	APS	Zimmer Biomet
03C2606021	4620000			税込	2 回		
03C2606021	3630000			不明	2 回		
02C2001010	90000			税別		GPS	Zimmer Biomet
02C1905098	50000			不明			
01C1907048	88000			税込	関節腔内・1関節・PRP 4mL	PRP	
02C2606060	35000			不明			
02C1912131	30000			税別			
03C2605008	1000000			税別	2 回		
03C2605008	1500000			税別	1 回		
02C2307023	30000			不明	1回	ACP	Arthrex
02C2307023	120000			不明	1回	GPS	Zimmer Biomet
02C2601092	50000			不明	1回	ACP	Arthrex
02C2601092	180000			不明	1回	GPS	Zimmer Biomet
02C2601092	380000			不明	1回	APS	Zimmer Biomet
02C2502063	1000000			不明	1回		
02C2502063	1500000			不明	1回		
02C2601056	4158000			不明	1 部位		
02C2601056	1540000			不明	1 部位		
02C2601056	2926000			不明	1 部位		
03C2604054	1320000			税込			
03C2604056	1320000			税込			
02C2512023	40000			税込		ACP	Arthrex
02C2512023	80000			税込		ACP	Arthrex
02C2512023	160000			税込		ACP MAX	Arthrex
01C2504014	50000			税込	1 回	Condensia	京セラ
02C1912115	50000			不明			
02C1912115	150000			不明			
01C2211043	100000			不明	1 回	APS	Zimmer Biomet
01C2211043	300000			不明	1 回	APS	Zimmer Biomet
01C2211044	100000			不明	1 部位		
03C2407058	1650000			税込	1回		
01C2409054	450000			不明	両側	Angel	Arthrex
01C2409054	50000			不明	片側	ACP	Arthrex
01C2409054	300000			不明	両側	Angel	Arthrex
01C2312021	990000			不明	0.5〜1億cells・1回投与	脂肪由来幹細胞	
01C2312020	990000			税込			
01C2312020	990000			不明	1 回		
02C1911105	600000			不明			
02C1911105	800000			不明			
01C2110046	1280000			税別	1回		
01C2110047	1280000			税別	1回		
02C2202019	100000			税別		GPS	Zimmer Biomet
02C2202019	300000			税別		APS	Zimmer Biomet
03C2203019	100000			税別		GPS	Zimmer Biomet
01C2506055	2000000			税別	本治療	自己末梢血由来単核細胞	
03C2606046	1650000			税込	1回		
03C2410030	3509000			税込	1回		
01C2603012	45000			税込	両側		
01C2508073	254100			税込	PRP投与・1回	PRP	
01C2508074	254100			税込	PRP投与・1回	PRP	
01C2603057	2200000			不明	片側・5,000万個	脂肪由来幹細胞	
01C2603057	3300000			不明	片側・1億個	脂肪由来幹細胞	
01C2603057	3300000			不明	両側合計・1億個	脂肪由来幹細胞	
01C2603057	5500000			不明	両側合計・2億個	脂肪由来幹細胞	
03C2305004	198000			税込	2 回		
02C2206037	120000			不明		GPS	Zimmer Biomet
01C2407032	55000			税込		ACP	Arthrex
01C2407032	150000			税込		GPS	Zimmer Biomet
01C2503066	77000			税込		ACP	Arthrex
01C2503066	132000			税込		ACP	Arthrex
01C2503066	220000			税込		ACP MAX	Arthrex
01C2509003	77000			税込		ACP	Arthrex
01C2509003	132000			税込		ACP	Arthrex
01C2509003	220000			税込		ACP MAX	Arthrex
02C2606097	50000			不明	一部位	MyCells	MyCells系
03C2305035	50000			税別		MyCells	MyCells系
01C2604065	50000			税込	1回		
01C2604065	55000			税込	1回		
03C2207011	26000			税別	1回	MyCells	MyCells系
03C2207011	150000			税別	1回	GPS	Zimmer Biomet
03C2405010	100000			不明		GPS	Zimmer Biomet
01C1911015	60000			不明			
02C2510020	50000			税込		ACP	Arthrex
02C2510020	120000			税込		PEAK	PEAK系
02C2510020	300000			税込		APS	Zimmer Biomet
01C1908039	30000			税別			
01C1908039	60000			税別			
02C2410054	45000			税込		Condensia	京セラ
02C2410054	150000			税込		GPS	Zimmer Biomet
02C2410054	330000			税込		APS	Zimmer Biomet
02C2410056	45000			税込		Condensia	京セラ
02C2410056	150000			税込		GPS	Zimmer Biomet
02C2410056	330000			税込		APS	Zimmer Biomet
01C2309002	33000			税込			
01C2309002	66000			税込			
01C2401012	30000			税別			
01C2401012	50000			税別			
01C2511011	2200000			税込			
01C2511011	2100000			不明			
01C2511037	120000			不明	1部位	GPS	Zimmer Biomet
01C2512021	120000			税別	1部位	GPS	Zimmer Biomet
01C2512021	300000			税別	1部位	APS	Zimmer Biomet
01C2405036	2200000			税込	1回		
01C2406018	2090000			不明			
01C2406018	5720000			不明			
01C2406018	880000			税込			
01C2406018	1210000			税込			
01C2406018	1375000			税込			
01C2406018	2090000			税込			
02C2605071	2210000			税別	培養費用・投与費用	自家培養脂肪由来間葉系幹細胞	
01C2608003	300000			不明	片側	ACP MAX	Arthrex
01C2608003	80000			不明	片側	ACP	Arthrex
01C2608004	300000			不明	片側	ACP MAX	Arthrex
01C2608004	80000			不明	片側	ACP	Arthrex
01C2602025	550000			税込	1回		
02C2507007	100000			税別		GPS	Zimmer Biomet
02C2507007	300000			税別		APS	Zimmer Biomet
02C2507008	100000			税別			
03C2510027	1287000			税込			
03C2510027	1749000			税込			
02C2602018	1287000			税込			
02C2602018	1749000			税込			
01C2503056	88000			税込	筋・腱・靭帯への注入・PRP 4mL	PRP	
01C2407028	100000			不明			
01C2407028	200000			不明			
01C2509061	1100000			税込	1 部位		
01C2509061	1323300			税込	1 部位		
01C2509061	2423300			税込	1 部位		
01C2505053	165000			不明	1回	PRGF-Endoret	BTI
02C2608020	3575000			税込	1回	脂肪由来幹細胞	
02C2002036	150000			税別			
02C2002036	700000			税別			
02C2002036	1000000			税別			
02C2001047	320000			税別		APS	Zimmer Biomet
01C2505049	55000			税込	1回		
01C2005002	110000			不明			
01C2207058	33000			税込			
01C2207058	66000			税込			
01C2006008	1000000			不明	片膝・1×10^7 cells	自家脂肪由来幹細胞	
01C2006008	1400000			不明	片膝・1×10^8 cells	自家脂肪由来幹細胞	
01C2602027	55000			税込	両側		
01C2602027	55000			税込	1回		
01C2602027	165000			税込	1回		
01C1902050	150000			税別		GPS	Zimmer Biomet
01C1906008	300000			税別		APS	Zimmer Biomet
02C2601007	1100000			税込			
02C2601007	1540000			税込			
02C2601007	2090000			税込			
02C2601007	2640000			税込			
02C2407061	1100000			税込			
02C2407061	1540000			税込			
02C2407061	2090000			税込			
02C2407061	2640000			税込			
02C2509032	2200000			税込	1回	脂肪由来幹細胞	
02C2509040	275000			税込	1回	PRP	
02C2509048	2508000			税込	5,000万個まで・1回	脂肪由来幹細胞	
02C2509048	3762000			税込	1億個まで・1回	脂肪由来幹細胞	
02C2501001	16500			税込	PRP初回注入・片膝	PRP	
02C2501001	82500			税込	PRP 2回目以降・片膝	PRP	
02C2512006	1336500			税込	片膝・初回モデル総額（初診+検査+6億セル培養+1回移植+年保管）	脂肪由来幹細胞	
02C2512006	715000			税込	片膝・追加1回移植	脂肪由来幹細胞	
01C2507054	198000			税込	1 回		
01C2507055	198000			税込	1 回		
01C2509044	1100000			税込	1 部位		
01C2409068	55000			税込	ACP-PRP・1回	ACP	Arthrex
01C2409070	55000			税込	ACP-PRP・1回	ACP	Arthrex
02C2101009	150000			税別	1回	GPS	Zimmer Biomet
02C2101009	350000			税別	1回	APS	Zimmer Biomet
02C2101009	70000			税別		APS	Zimmer Biomet
02C2101010	90000			税別	1回		
01C1907070	44000			税込	筋・腱・靭帯への注入・PRP 2mL	PRP	
01C1907070	66000			税込	筋・腱・靭帯への注入・PRP 3mL	PRP	
01C1907070	88000			税込	筋・腱・靭帯への注入・PRP 4mL	PRP	
03C2310050	90000			不明	1 部位		
02C2604069	165000			税込	1回		
01C2407053	300000			税込	1 回		
02C2404031	150000			不明	採血80ml・PRP約8ml	PRP	
02C2404031	210000			不明	採血120ml・PRP約12ml	PRP	
02C2404036	30000			不明	採血10ml・PRP約1ml	PRP	
02C2404036	45000			不明	採血20ml・PRP約2ml	PRP	
01C2209017	143000			税込	1部位・1回	PRP	
03C2305006	165000			税込	一部位		
03C2305006	275000			税込	一部位		
01C2504021	50000			税別		ACP	Arthrex
01C2504021	150000			税別		ACP MAX	Arthrex
01C2504021	95000			税別		ACP	Arthrex
01C2504022	50000			税別		ACP	Arthrex
01C2504022	150000			税別		ACP MAX	Arthrex
01C2504022	95000			税別		ACP	Arthrex
01C1906024	500000			税別			
01C1906016	600000			税別			
01C2011007	60000			税別			
02C2601084	150000			税込	1 回	ACP MAX	Arthrex
02C2601084	253000			税込	1 回	APS	Zimmer Biomet
01C2302066	88000			税込	関節内・1回	PRP	
01C2106016	33000			税込	一部位		
03C2603036	800000			税込	2 回		
03C2603037		1650000	3300000	税込	自家脂肪由来間葉系幹細胞培養＋注射	脂肪由来幹細胞	
03C2603038	9000000			不明	軟骨組織採取＋ACC移植・片膝	ACC	
03C2603038	4500000			不明	ACC再移植・片膝	ACC	
01C2510040	50000			税込	1 回	Condensia	京セラ
03C2510006	350000			税別		GPS	Zimmer Biomet
03C2510006	450000			税別		APS	Zimmer Biomet
01C2506017	500000			税別	1関節・1回投与	脂肪由来幹細胞	
01C2506017	700000			税別	1関節・2回投与	脂肪由来幹細胞	
02C2503038	33000			税込			
02C2512068	88000			税込	1回・1部位	PRP	
01C2503078	50000			税別	1 回(1 部位)	ACP	Arthrex
01C2503078	35000			税別		ACP	Arthrex
01C2503078	150000			不明	1 回(1 部位)	ACP MAX	Arthrex
01C2503078	35000			不明	1 回(1 部位)	ACP	Arthrex
01C2503078	95000			不明	1 回(1 部位)	ACP	Arthrex
01C2503079	50000			税別	1 回	ACP	Arthrex
01C2503079	35000			税別		ACP	Arthrex
01C2503079	150000			不明	1 回	ACP MAX	Arthrex
01C2503079	35000			不明	1 回	ACP	Arthrex
01C2503079	95000			不明	1 回	ACP	Arthrex
02C2601034	330000			税込	1回(片側)		
02C2601034	550000			税込	1回(片側)		
02C2309037	30000			税込	1 回	ACP	Arthrex
02C2309037	500000			税込		Angel	Arthrex
03C2604023	74800			税込	1 回		
02C2302016	220000			税込			
03C2412023	50000			税別	2 回分		
03C2412027	30000			税別	2 回分		
03C2412024	180000			税別	1 回	GPS	Zimmer Biomet
03C2412024	350000			税別	1 回	APS	Zimmer Biomet
03C2412025	180000			税別	1 回	GPS	Zimmer Biomet
01C2002036	150000			不明		GPS	Zimmer Biomet
01C2002036	300000			不明		APS	Zimmer Biomet
01C2603069	55000			税込			
01C2603071	55000			税込			
01C2403007	25000			税込	1回・1部位	PRP	
01C2403007	45000			税込	1回・2部位	PRP	
01C2003033	70000			不明		GPS	Zimmer Biomet
02C2203008	77000			税込		GPS	Zimmer Biomet
02C2203008	80000			税込		PEAK	PEAK系
02C2203008	330000			税込		APS	Zimmer Biomet
01C2509004	50000			税込	1回		
01C2509004	55000			税込	1回		
01C2508064	60500			税込	1関節・1部位	ACP	Arthrex
01C2508064	110000			税込	1関節・1部位・ACPダブル	ACP	Arthrex
01C2508064	209000			税込	1関節・1部位	ACP MAX	Arthrex
01C2508067	55000			税別		ACP	Arthrex
01C2508067	100000			税別		ACP	Arthrex
01C2508067	190000			税別		ACP MAX	Arthrex
01C2603053	50000			税別	1回	ACP	Arthrex
01C2603053	120000			税別	1回	GPS	Zimmer Biomet
01C2603053	180000			税別	1回	ACP	Arthrex
01C2603059	50000			税別	1回	ACP	Arthrex
01C2603059	120000			税別	1回	GPS	Zimmer Biomet
01C2603059	180000			税別	1回	ACP	Arthrex
01C2603059	300000			税別	1回	APS	Zimmer Biomet
02C2602063	150000			税別		GPS	Zimmer Biomet
02C2602063	300000			税別		APS	Zimmer Biomet
02C1909198		20000	150000	税別	PRP・1回	PRP	
03C2502007	30000			税別	2 回分		
03C2506013	55000			税込			
03C2310002	100000			税別	1回		
02C1910144	20000			税別			
02C1910144	40000			税別			
02C2111033	15000			不明			
01C2507072	55000			不明			
01C2407094	1980000			税込	5,000万個・1椎間・1回	脂肪由来幹細胞	
01C2407094	2310000			税込	5,000万個・2椎間・1回	脂肪由来幹細胞	
01C2407094	2640000			税込	5,000万個・3椎間・1回	脂肪由来幹細胞	
01C2407094	2530000			税込	1億個・1椎間・1回	脂肪由来幹細胞	
01C2407094	2860000			税込	1億個・2椎間・1回	脂肪由来幹細胞	
01C2407094	3190000			税込	1億個・3椎間・1回	脂肪由来幹細胞	
01C2506023	1650000			税込	自己脂肪由来間葉系幹細胞1億個・1部位（片側）	脂肪由来幹細胞	
01C2506023	2200000			税込	膝・肩・手関節 2部位（両側）	脂肪由来幹細胞	
03C2410026	50000			不明	6回	MyCells	MyCells系
03C2410026	150000			不明	6回	GPS	Zimmer Biomet
03C2410026	170000			不明	6回	GPS	Zimmer Biomet
03C2410026	400000			不明	6回	APS	Zimmer Biomet
03C2410026	750000			不明	6回	APS	Zimmer Biomet
01C2406033	55000			税込	1回	ACP	Arthrex
01C2512048	80000			税別	1部位	GPS	Zimmer Biomet
01C2512048	120000			税別	1部位	GPS	Zimmer Biomet
01C2601001	80000			税別	1部位	GPS	Zimmer Biomet
01C2601001	120000			税別	1部位	GPS	Zimmer Biomet
01C2601001	240000			税別	1部位	APS	Zimmer Biomet
01C2601001	300000			税別	1部位	APS	Zimmer Biomet
01C2503076	50000			税別	1 回	ACP	Arthrex
01C2503076	35000			税別		ACP	Arthrex
01C2503076	150000			不明	1 回	ACP MAX	Arthrex
01C2503076	35000			不明	1 回	ACP	Arthrex
01C2503076	95000			不明	1 回	ACP	Arthrex
01C2503077	50000			税別	1 回(1 部位)	ACP	Arthrex
01C2503077	35000			税別		ACP	Arthrex
01C2503077	150000			不明	1 回(1 部位)	ACP MAX	Arthrex
01C2503077	35000			不明	1 回(1 部位)	ACP	Arthrex
01C2503077	95000			不明	1 回(1 部位)	ACP	Arthrex
03C2606011	1760000			税別			
03C2606016	214500			不明	1 回	Condensia	京セラ
03C2606016	264000			不明	1 回	MyCells	MyCells系
01C2602054	3650000			税込	1回		
01C2602054	6200000			税込	1回		
01C2602054	11300000			税込	1回		
02C2503035	77000			税込	1 回	ACP	Arthrex
02C2503035	440000			税込		ACP MAX	Arthrex
03C2308020	50000			税別	関節内・1回	PRP	
03C2308021	30000			不明	一部位		
03C2609013	200000			税別			
03C2609013	400000			税別			
03C2609016	26400			不明	PRP注射・1回	PRP	
03C2609016	52800			不明	PRP注射・両膝	PRP	
03C2609017	300000			不明		APS	Zimmer Biomet
02C2604007	35000			税別		MyCells	MyCells系
02C2604007	75000			税別		GPS	Zimmer Biomet
02C2502053	55000			税込	PRP療法・1回	PRP	
01C2307023	165000			税込	1治療・2回投与	PRP	
02C2604078	77000			税込	1回		
02C2604078	138000			税込	1回		
02C2604078	198000			税込	1回		
01G2512005	1800000			税別	1 回		
01G2512005	3000000			税別	1 回		
01G2512005	4200000			税別	1 回		
02G2503013	100000			不明		GPS	Zimmer Biomet
02G2001025	200000			税別	1部位		
02G2602005	50000			税別	PRP 1回・当院整形外科術後患者または学生	PRP	
02G2602005	80000			税別	PRP 1回・その他	PRP	
01E2408020	44000			税込	1 回(1 部位)		
01E2408021	33000			税込	両側		
01E2307012	35000			税込	両側		
02E2512024	55000			税込		ACP	Arthrex
02E2512024	132000			税込		ACP MAX	Arthrex
01E2405012	55000			税込			
01E2404003	50000			税別	1回		
02G2511005	90000			税別	1回		
03G2506012	1750000			税別	ADRCs細胞治療	ADRCs	
01D2408001	40000			税別	2回		
01D2408001	50000			税別	2回		
03D2512001	45000			税込			
03C2607012	33000			税込	2 回分	ACP	Arthrex
03C2607012	198000			税込	2 回分	PEAK	PEAK系
03C2604033	50000			不明			
03C2604033	400000			税別			
01C2602018	36000			税込	1 回	ACP	Arthrex
01C2602018	39600			税込	1 回	ACP	Arthrex
01C2602018	180000			税込	1 回	ACP MAX	Arthrex
01C2602018	198000			税込	1 回	ACP MAX	Arthrex
01C2602018	150000			税込	1 回	GPS	Zimmer Biomet
01C2602018	165000			税込	1 回	GPS	Zimmer Biomet
01C2602018	350000			税込	1 回	APS	Zimmer Biomet
01C2602018	385000			税込	1 回	APS	Zimmer Biomet
01C2602021	36000			税込	1 回	ACP	Arthrex
01C2602021	39600			税込	1 回	ACP	Arthrex
01C2602021	150000			税込	1 回	GPS	Zimmer Biomet
01C2602021	165000			税込	1 回	GPS	Zimmer Biomet
01C2602021	180000			税込	1 回	ACP MAX	Arthrex
01C2602021	198000			税込	1 回	ACP MAX	Arthrex
02C1910113	295000			不明		APS	Zimmer Biomet
01C2605011	80000			税別	1 回	MyCells	MyCells系
01C2605012	80000			税別	1 回	MyCells	MyCells系
01C2310010	33000			税込			
01C2310010	66000			税込			
01C2512039	45000			税込	1回・1部位	PRP	
01C2512043	45000			税込	1回・1部位	PRP	
01C2105005	40000			税別	2 回分		
01C2108035	30000			税込	一部位		
02C2409002	165000			税込	1部位		
02C2409002	286000			税込	1部位		
02C2409003	165000			税込	1 回		
02C2409003	286000			税込	1 回		
01C1909033	150000			不明		GPS	Zimmer Biomet
01C1909033	300000			不明		APS	Zimmer Biomet
01C1909034	80000			不明		GPS	Zimmer Biomet
01C2302050	50000			税込	2 回分		
01C2302051	50000			税込	2 回分		
01C2602011	80000			税込	1 回	Condensia	京セラ
01C2602012	80000			税込	1 回	Condensia	京セラ
01C2310016	30000			税別	1 回	ACP	Arthrex
01C2310016	150000			税別	1 回	GPS	Zimmer Biomet
02C2506011	40000			税別	1回	ACP	Arthrex
02C2506011	150000			税別	1回	GPS	Zimmer Biomet
02C2506011	200000			税別	1回	ACP	Arthrex
02C2506011	300000			税別	1回	APS	Zimmer Biomet
01C2410005	165000			税別	1クール・採血＋2回注射	PRP	
02C2411022	40000			税別	1回		
01C2508047	110000			税込			
01C2303041	55000			税込	ACP・1回あたり	ACP	Arthrex
01C2303041	330000			税込	APS・1回	APS	Zimmer Biomet
01C2303050	55000			税込	ACP・1回	ACP	Arthrex
01C2303050	330000			税込	APS・1回	APS	Zimmer Biomet
01C2305022	88000			税込	1関節	PRP	
01C2305023	44000			税込	1回		
03C2409021	40000			税別			
01C2410057	110000			税込	1 回		
01C2410058	55000			税込	両側		
01C2410058	99000			税込	両側		
01C2406054	65000			税別	1 回	TriCeLL	TriCeLL系
03C2604006	300000			税込		APS	Zimmer Biomet
03C2607029	55000			税込	1 回	ACP	Arthrex
02C1910206	100000			税別			
02C1912019	300000			税別		APS	Zimmer Biomet
02C2508001	33000			税込	2 回分		
02C2508002	44000			税込	2 回分		
01C1912052	30000			不明			
01C1912052	50000			不明			
03C2305018	250000			不明	3 回分		
01C2107014	2200000			税込	1回		
01C2408062	50000			税別	1 回	ACP	Arthrex
01C2408062	250000			税別		Angel	Arthrex
01C2408063	50000			税別	1 回	ACP	Arthrex
01C2408063	250000			税別		Angel	Arthrex
01C2303044	45000			税別	一部位		
01C2008023	26000			税別	1回	MyCells	MyCells系
01C2008023	150000			税別	1回	GPS	Zimmer Biomet
01C2009074	26000			税別		MyCells	MyCells系
01C2009074	150000			税別	1回	GPS	Zimmer Biomet
01C2009074	90000			税別		GPS	Zimmer Biomet
03C2305019	150000			不明	変形性膝関節症PRP・標準治療費	PRP	
02C2604080	50000			税別	スモールスピッツ約10ml・1本	PRP	
02C2604080	70000			税別	ラージスピッツ約20ml・1本	PRP	
03C2111004	25000			税別	スモールスピッツ約10ml・1本	PRP	
03C2111004	35000			税別	ラージスピッツ約20ml・1本	PRP	
01C2209020	44000			税込	2 回分		
01C2209020	55000			税込	2 回分		
02C1906040	46200			不明	ACP	ACP	Arthrex
02C1906040	143000			不明	Waqoo・シングル	Waqoo	
02C1906040	187000			不明	Waqoo・ダブル	Waqoo	
02C2603036	1287000			税込			
02C2603036	1749000			税込			
03C2504060	200000			税別			
03C2504061	200000			税別	一部位		
02C2001097	30000			不明	1回	ACP	Arthrex
01C2410043	350000			不明	両側	Angel	Arthrex
01C2410043	40000			不明	片側	Condensia	京セラ
01C2410043	220000			不明	両側	Angel	Arthrex
01C2410043	40000			不明		ACP	Arthrex
01C2411083	360000			不明	両側	Angel	Arthrex
01C2411083	50000			不明	片側	Condensia	京セラ
01C2411083	230000			不明	両側	Angel	Arthrex
01C2411083	50000			不明		ACP	Arthrex
01C2605036	44600			税込	ACP・一般	ACP	Arthrex
01C2605036	35000			税込	ACP・学生	ACP	Arthrex
01C2605036	190000			税込	ACP MAX・一般	ACP MAX	Arthrex
01C2605036	165000			税込	ACP MAX・学生	ACP MAX	Arthrex
01C2605036	295000			税込	Angel PRP・1部位	Angel	Arthrex
01C2605036	415000			税込	Angel PRP・2部位	Angel	Arthrex
01C2605036	600000			税込	Angel PRP・3部位	Angel	Arthrex
01C2605037	34700			税込	ACP・一般	ACP	Arthrex
01C2605037	29000			税込	ACP・学生	ACP	Arthrex
01C2605037	160000			税込	ACP MAX・一般	ACP MAX	Arthrex
01C2605037	135000			税込	ACP MAX・学生	ACP MAX	Arthrex
01C2605037	215000			税込	Angel PRP・一般/学生	Angel	Arthrex
03C2310079	150000			不明		GPS	Zimmer Biomet
01C2006014	40000			税別	1回		
03C2412021	300000			不明	3 回分		
01C2606028	77000			税込	1回	Condensia	京セラ
01C2606029	77000			税込	1回	Condensia	京セラ
02C2602044	160000			税込	1 回		
02C2602044	176000			税込	1 回		
02C2603016	60000			税込	1回		
02C2603016	66000			税込	1回		
01C2502023	35000			税込	PRP・1回	ACP	Arthrex
01C2502023	70000			税込	PRP・左右両側・1回	ACP	Arthrex
02C2411019	30000			税別	1回		
01C2604046	95000			税別	1部位	GPS	Zimmer Biomet
01C2604046	120000			税別	1部位	GPS	Zimmer Biomet
01C2206044	44000			税込	1回		
02C1911221	35000			税別	1回		
03C2508002	330000			不明	1回	APS	Zimmer Biomet
02C1905075	20000			税込			
01C2512015	70000			税込	1 回	Condensia	京セラ
01C2512016	70000			税込	1 回	Condensia	京セラ
02C1911192	40000			不明			
03C2412016	33000			税込		ACP	Arthrex
03C2412016	132000			税込		GPS	Zimmer Biomet
02C2607021	120000			税込	1 回		
03C2210001	100000			不明			
03C2210001	300000			不明			
01C2503019	381700			税込	関節内・1回	APS	Zimmer Biomet
01C2503019	178200			税込	関節内・1回	GPS	Zimmer Biomet
01C2503019	107800			税込	関節内・1回	TriCeLL	TriCeLL系
01C2504013	178200			税込	関節外・1回	GPS	Zimmer Biomet
01C2504013	57200			税込	関節外・1回	TriCeLL	TriCeLL系
01C2403005	50000			税別	1回		
01C2403006	250000			税込	2 回分		
01C2403006	300000			税込	2 回分		
01C2504023	45000			不明		ACP	Arthrex
01C2504023	180000			不明		ACP MAX	Arthrex
01C2504024	45000			不明		ACP	Arthrex
01C2504024	180000			不明		ACP MAX	Arthrex
01C2603054	55000			税込	1 回	Condensia	京セラ
01C2604032	55000			税込	1 回	Condensia	京セラ
01G2506020	2200000			税込			
01G2508001	110000			税込	PRGF-Endoret・1回	PRGF-Endoret	BTI
01G2508001	330000			税込	Angel HD-PRP・1回	Angel	Arthrex
01G2508002	110000			税込	PRGF-Endoret・1回	PRGF-Endoret	BTI
01G2508002	330000			税込	Angel HD-PRP・1回	Angel	Arthrex
01G2508005	600000			税込	1部位		
01G2508005	990000			税込			
01G1906001	50000			税別	1回		
01G2001007	50000			税別	2 回分		
01G2001007	100000			税別	2 回分		
01G2105006	319000			税込	2 回分		
01G2604009	1650000			税込			
03G2411009	1000000			税別	1 回		
03G2411009	1500000			税別	1 回		
03G2411009	2000000			税別	1 回		
03G2411009	2500000			税別	1 回		
03G2411009	3000000			税別	1 回		
02G2310004	2500000			税別	1回		
02G2604007	2750000			税込			
03G2603007	1470000			税別	1 回		
03G2603007	2940000			税別	1 回		
03G2603007	4400000			税別	1 回		
03G2603007	5880000			税別	1 回		
03G2603007	7350000			税別	1 回		
02G2201004	2420000			税込	1回		
01G2302003	35000			税込			
01G2505003	165000			税込		ACP MAX	Arthrex
01G2505003	44000			税込		ACP	Arthrex
01G2505003	77000			税込		ACP	Arthrex
02G2002005	1500000			税別			
02G2412004	1999800			税込			
03G2101003	200000			税別	1回		
03G2101004		110000	130000	不明	PRP・1回	PRP	
01G1909002	85000			不明	1 部位		
01G2011006	30000			税別	2 回分		
02G2606005	100000			不明	1 回		
02G2606005	150000			不明	1 回		
03G2502010	100000			税別	2 回分	GPS	Zimmer Biomet
03G2502010	300000			税別	2 回分	APS	Zimmer Biomet
03G2502010	30000			税別	2 回分	ACP	Arthrex
01G2506018	39600			税込		ACP	Arthrex
01G2506018	77000			税込		ACP	Arthrex
01G2506018	165000			税込		ACP MAX	Arthrex
01G2506019	29700			税込		ACP	Arthrex
01G2506019	39600			税込		ACP	Arthrex
01G2506019	77000			税込		ACP	Arthrex
01G2506019	165000			税込		ACP MAX	Arthrex
01G2603002	165000			税込			
01C2104018	30000			税込		Condensia	京セラ
02C1910156	1500000			税別			
01C2207022	70000			税込	1回	PRP	
01C2207023	70000			税込	1回	PRP	
01C1906015	300000			不明	1回		
01C1910017	150000			不明	一回		
01C2412022	1500000			税別	1回		
01C2605018	150000			税別	1回		
01C2605018	300000			税別	1回		
01C2605017	150000			税別	1回		
01C2605017	300000			税別	1回		
01C2407019	60000			税込	1回		
03C2311001	30000			税込		Condensia	京セラ
03C2305020	200000			不明	3 回分		
02C2603010	33000			税込	1 回	PRGF-Endoret	BTI
02C2603010	88000			税込	1 回	GPS	Zimmer Biomet
02C2408099	30000			税別	PRP注射1回	ACP	Arthrex
02C2408099	50000			税別	PRP注射2回・同時実施時の総額	ACP	Arthrex
02C2409071	30000			税別	1回	ACP / Arthrex	Arthrex
02C2409071	50000			税別	1回	ACP / Arthrex	Arthrex
01G2311007	33000			税込	1 回		
01G1906006	120000			不明		GPS	Zimmer Biomet
03G2305005	250000			税別		APS	Zimmer Biomet
01D2507005	50000			税込		ACP	Arthrex
01D2507005	99000			税込		ACP	Arthrex
01D2507005	209000			税込		ACP MAX	Arthrex
01D2511004	33000			税込		MyCells	MyCells系
01D2511004	66000			税込		MyCells	MyCells系
02D2403002	55000			税込		ACP	Arthrex
02D2403002	44000			不明	1 回	Condensia	京セラ
02D2403002	55000			不明	1 回	ACP	Arthrex
02D2403002	15000			不明			
01D2504007	55000			不明		ACP	Arthrex
01D2504007	330000			不明		APS	Zimmer Biomet
01D2504007	550000			不明		Angel	Arthrex
03D2510005	15000			税込			
03D2510005	20000			税込	1回		
03D2510005	80000			税込		GPS	Zimmer Biomet
03D2510005	70000			税込		GPS	Zimmer Biomet
03F2309003	33000			税込	2 回分		
01F2203002	45000			税込	2 回分		
01F2203002	50000			税込	2 回分		
01F2203002	90000			税込	2 回分		
03F2505002	120000			不明		GPS	Zimmer Biomet
01F2604004	50000			税込			
03F2509001	65450			税別	1 回		
03F2509001	100000			税別	1 回		
02G2405005	15000			不明			
01G2607001	70000			税込	1 回	Condensia	京セラ
01G2406010	38500			税込	2回分		
01G2308005	38500			税込			
01G2308005	71500			不明	2 回		
01G2308005	38500			不明	1 回		
01G2308005	16500			不明			
