facility_key	prefecture	facility	mhlw_plan_codes	official_products	official_explicit_makers	manufacturer_share_groups	legal_manufacturers	japan_mah_or_suppliers	evidence_type	safe_resolved	product_resolved	evidence_json
三重県|社会医療法人峰和会鈴鹿回生病院	三重県	社会医療法人峰和会 鈴鹿回生病院	03D2506007						NONE	NO	NO	[]
京都府|SclinicKyoto	京都府	S clinic Kyoto	03E2210008						NONE	NO	NO	[]
京都府|医療法人いちまる整形外科クリニック	京都府	医療法人いちまる整形外科クリニック	01E2307003|01E2307004						NONE	NO	NO	[]
京都府|医療法人社団蒼樹会山本整形外科	京都府	医療法人社団蒼樹会 山本整形外科	01E2403019						NONE	NO	NO	[]
京都府|医療法人社団貴順会吉川病院	京都府	医療法人社団貴順会吉川病院	02E2306012|02E2307009|02E2312001						NONE	NO	NO	[]
京都府|医療法人藍整会なか整形外科京都西院リハビリテーションクリニック	京都府	医療法人藍整会 なか整形外科 京都西院リハビリテーションクリニック	03E2603014|03E2603015						NONE	NO	NO	[]
京都府|医療法人財団康生会たけだ膠原病リウマチクリニック	京都府	医療法人財団康生会 たけだ膠原病リウマチクリニック	03E2507006|03E2507007|03E2507008						NONE	NO	NO	[]
佐賀県|医療法人仁栄会さかえまち整形外科	佐賀県	医療法人仁栄会 さかえまち整形外科	01G2108005						NONE	NO	NO	[]
兵庫県|あまのペインクリニック	兵庫県	あまのペインクリニック	01E2110005						NONE	NO	NO	[]
兵庫県|かみはらペインクリニック	兵庫県	かみはらペインクリニック	01E2412007						NONE	NO	NO	[]
兵庫県|たちはら整形外科・肩とスポーツのクリニック	兵庫県	たちはら整形外科・肩とスポーツのクリニック	01E2402021|01E2402024						NONE	NO	NO	[]
兵庫県|三輪整形外科クリニック	兵庫県	三輪整形外科クリニック	01E2101022|01E2212025	ACP		Arthrex	Arthrex	Arthrex Japan	VALIDATED_PRODUCT_MAP_OFFICIAL	YES	YES	"[{""url"": ""https://miwa-seikeigeka.clinic/self-paymedicaltreatment"", ""title"": ""自費診療 ｜ 垂水区舞多聞西のかかりつけ整形外科クリニック – 三輪整形外科クリニック"", ""products"": [""ACP""], ""makers"": [], ""product_context"": {""ACP"": [""めします。 治療にかかる費用は疾患によって異なります。 関節外PRP注射：40000円 （第3種） 野球肘・テニス肘・ゴルフ肘・アキレス腱炎 足底腱膜炎・肉離れ など 関節内PRP注射：80000円（第2種） 変形性膝関節症・肩腱板損傷・TFCC損傷 など 1日で診断からPRP療法まで終了希望の場合、 診断・検査・同意書作成を10000円で行います。 当院のACP-PRPは約30～40億個の血小板の成長因子を治療に利用します。 近年の研究により、60億個以上の血小板の成長因子を注射することで治療成績に優位差がでてきております。 このため、2回のPRP注射を推奨しております。 2回目の注射は1回目の注射後約6ヶ月後が目安となります。 （2回目は40000円でご提供させていただきます。） また、改良されたPRP療法として""]}, ""maker_context"": {}}]"
兵庫県|兵庫県立リハビリテーション中央病院	兵庫県	兵庫県立リハビリテーション中央病院	03E2507022|03E2509015	APS		Zimmer Biomet	Zimmer Biomet	Zimmer Biomet	VALIDATED_PRODUCT_MAP_OFFICIAL	YES	YES	"[{""url"": ""https://hwc-sports.jp/treatments/"", ""title"": ""診療案内 | 兵庫県立リハビリテーション中央病院 スポーツ医学診療センター"", ""products"": [""APS""], ""makers"": [], ""product_context"": {""APS"": [""ります。また、遊離した軟骨片が関節内に挟まるとロッキング症状が出現し、急に関節の曲げ伸ばしができなくなることがあります。 治療 病態に応じてマイクロフラクチャー/アブレージョンコンドロプラスティ（骨髄刺激）、モザイクプラスティ（自家骨軟骨柱移植）、自家培養軟骨移植術を行います。また、患者様ご自身の血液を抽出し、多血小板血漿（PRP）療法や自己タンパク質溶液（APS）などの細胞治療も行っています。 再生医療ページ 入院期間 約2～6週間（手術に応じて異なります） スポーツ復帰 約6～12か月（手術に応じて異なります） 自家培養軟骨移植術 術中所見 大腿骨内顆の軟骨欠損部（写真上）に、自家培養軟骨のシートを移植します（写真下）。 変形性膝関節症 変形性膝関節症とは、加齢や重作業、スポーツなどの影響から膝の関節軟骨がすり減""]}, ""maker_context"": {}}]"
兵庫県|医療法人LIGHTKobeOCEANSClinic	兵庫県	医療法人LIGHT Kobe OCEANS Clinic	01E2303021|01E2303022						NONE	NO	NO	[]
兵庫県|医療法人社団中神クリニック	兵庫県	医療法人社団 中神クリニック	03E2305041						NONE	NO	NO	[]
兵庫県|医療法人社団武部整形外科リハビリテーション	兵庫県	医療法人社団武部整形外科リハビリテーション	01E2109006|01E2110023						NONE	NO	NO	[]
兵庫県|医療法人財団神戸海星病院	兵庫県	医療法人財団 神戸海星病院	02E2504009	APS		Zimmer Biomet	Zimmer Biomet	Zimmer Biomet	VALIDATED_PRODUCT_MAP_OFFICIAL	YES	YES	"[{""url"": ""https://www.kobe-kaisei.org/feature/prp/"", ""title"": ""PRP（多血小板血漿）療法について | 特色と取り組み | 神戸市灘区の医療法人財団 神戸海星病院"", ""products"": [""APS""], ""makers"": [], ""product_context"": {""APS"": [""療法は、国内では歯科口腔外科や形成外科分野での使用にはじまり、近年は整形外科領域でも様々な分野での臨床使用の報告がありますが、その成績に対する見解は一定しておらず、まだ治療法としては確率されていません。しかしながら、スポーツ障害などに対して低侵襲な治療かつ早期回復などの臨床成績の報告もあることから、今後の発展が期待されている再生治療です。 整形外科 PRP(APS)外来のご案内 当院では、ひざの痛みに対する専門外来を開始し、 APS(ひざ関節)治療を行っています。 ご予約については、下記までお問合せ下さい。 整形外科 PRP(APS)外来 ご予約 医療連携センター 078-871-5201 受付時間： 平日 8:30 ～ 17:00 土曜 8:30 ～ 17:00 診療日 火曜 14:00 ～ 16:00 土曜 9:"", ""形外科領域でも様々な分野での臨床使用の報告がありますが、その成績に対する見解は一定しておらず、まだ治療法としては確率されていません。しかしながら、スポーツ障害などに対して低侵襲な治療かつ早期回復などの臨床成績の報告もあることから、今後の発展が期待されている再生治療です。 整形外科 PRP(APS)外来のご案内 当院では、ひざの痛みに対する専門外来を開始し、 APS(ひざ関節)治療を行っています。 ご予約については、下記までお問合せ下さい。 整形外科 PRP(APS)外来 ご予約 医療連携センター 078-871-5201 受付時間： 平日 8:30 ～ 17:00 土曜 8:30 ～ 17:00 診療日 火曜 14:00 ～ 16:00 土曜 9:00 ～ 16:00 APS(ひざ関節)治療について 患者様自身の血液""]}, ""maker_context"": {}}]"
兵庫県|医療法人雅武富整形外科	兵庫県	医療法人雅 武富整形外科	01E2308015						NONE	NO	NO	[]
兵庫県|木本整形外科クリニック	兵庫県	木本整形外科クリニック	01E2511015|01E2511019	MyCells		ESTAR Technologies	ESTAR Technologies Ltd.	ディーマー・メディカル・ジャパン	VALIDATED_PRODUCT_MAP_OFFICIAL	YES	YES	"[{""url"": ""https://kimotoclinic.com/regenerative/"", ""title"": ""再生医療 - 木本整形外科クリニック"", ""products"": [""MyCells""], ""makers"": [], ""product_context"": {""MyCells"": [""働きに加え、組織の修復に関わる成長因子を放出する役割があり、血小板を濃縮することで、損傷した組織の回復促進や、炎症・痛みの軽減が期待されています。 自己血液を使用するため、アレルギーや拒絶反応のリスクが低いことも特徴のひとつです。近年では、変形性関節症をはじめ、筋肉・腱・靱帯の損傷、スポーツによる障害など、幅広い整形外科領域で導入されています。 厚労省承認のマイセルキットを使用 当院では、厚生労働省承認の「Mycells PRPキット」 を使用し、高精度にPRPを抽出しています。（医療機器承認番号：30400BZX00169000）。 このキットは、赤血球や好中球を含まない高濃度PRPを1回の遠心で作製 でき、目的に応じて濃度や量を調整可能です。 精密なPRPを使用することで、肌や組織の修復力を最大限に引き出し、安全か"", ""割があり、血小板を濃縮することで、損傷した組織の回復促進や、炎症・痛みの軽減が期待されています。 自己血液を使用するため、アレルギーや拒絶反応のリスクが低いことも特徴のひとつです。近年では、変形性関節症をはじめ、筋肉・腱・靱帯の損傷、スポーツによる障害など、幅広い整形外科領域で導入されています。 厚労省承認のマイセルキットを使用 当院では、厚生労働省承認の「Mycells PRPキット」 を使用し、高精度にPRPを抽出しています。（医療機器承認番号：30400BZX00169000）。 このキットは、赤血球や好中球を含まない高濃度PRPを1回の遠心で作製 でき、目的に応じて濃度や量を調整可能です。 精密なPRPを使用することで、肌や組織の修復力を最大限に引き出し、安全かつ効果的な治療を提供しています。 また、当院ではFGFな""]}, ""maker_context"": {}}]"
兵庫県|特定医療法人誠仁会大久保病院	兵庫県	特定医療法人誠仁会 大久保病院	02E1906017						NONE	NO	NO	[]
兵庫県|藤田整形外科スポーツクリニック	兵庫県	藤田整形外科 スポーツクリニック	01E2506023|01E2506024						NONE	NO	NO	[]
北海道|札幌ひざのセルクリニック	北海道	札幌ひざのセルクリニック	01A2312001|01A2312002|01A2312003						NONE	NO	NO	[]
千葉県|しろやまいたみのクリニック	千葉県	しろやまいたみのクリニック	01C2502010						NONE	NO	NO	[]
千葉県|ジェフユナイテッド株式会社診療所	千葉県	ジェフユナイテッド株式会社 診療所	02C2201001						NONE	NO	NO	[]
千葉県|医療法人成春会北習志野花輪病院	千葉県	医療法人成春会 北習志野花輪病院	02C2512026						NONE	NO	NO	[]
千葉県|医療法人社団順徳会下総中山整形外科クリニック	千葉県	医療法人社団 順徳会 下総中山整形外科クリニック	02C2601085|02C2601086|02C2601087						NONE	NO	NO	[]
千葉県|医療法人社団オルソプラスむらた整形外科	千葉県	医療法人社団オルソプラス  むらた整形外科	01C2409051|01C2409052						NONE	NO	NO	[]
千葉県|医療法人社団仁敬会そがセントラルクリニック	千葉県	医療法人社団仁敬会 そがセントラルクリニック	01C2202017|01C2202018						NONE	NO	NO	[]
千葉県|医療法人社団千聡会北原整形外科	千葉県	医療法人社団千聡会  北原整形外科	02C2501012|02C2501013						NONE	NO	NO	[]
千葉県|医療法人社団奏の杜整形外科	千葉県	医療法人社団奏の杜整形外科	01C2102007						NONE	NO	NO	[]
千葉県|医療法人社団志高会たてやま整形外科クリニック	千葉県	医療法人社団志高会 たてやま整形外科クリニック	01C2312002|01C2312003						NONE	NO	NO	[]
千葉県|医療法人社団明敬会重城病院	千葉県	医療法人社団明敬会 重城病院	03C2207033|03C2207034						NONE	NO	NO	[]
千葉県|医療法人社団曙会流山中央病院	千葉県	医療法人社団曙会 流山中央病院	01C2106043|01C2108006						NONE	NO	NO	[]
千葉県|医療法人社団煌和会國分クリニック	千葉県	医療法人社団煌和会 國分クリニック	01C2202006						NONE	NO	NO	[]
千葉県|医療法人社団誠富会成田整形外科	千葉県	医療法人社団誠富会 成田整形外科	02C2503026|02C2503029						NONE	NO	NO	[]
千葉県|医療法人社団誠馨会千葉メディカルセンター	千葉県	医療法人社団誠馨会 千葉メディカルセンター	02C2506050|02C2506051						NONE	NO	NO	[]
千葉県|千葉ニュータウン整形外科リハビリテーションクリニック	千葉県	千葉ニュータウン整形外科リハビリテーションクリニック	01C2407085|01C2407086						NONE	NO	NO	[]
千葉県|柏の葉キャンパス整形外科	千葉県	柏の葉キャンパス整形外科	03C2410007|03C2410034						NONE	NO	NO	[]
千葉県|柏はせがわ整形外科	千葉県	柏はせがわ整形外科	01C2206026						NONE	NO	NO	[]
千葉県|順天堂大学医学部附属浦安病院	千葉県	順天堂大学医学部附属浦安病院	02C2109023|02C2109024						NONE	NO	NO	[]
和歌山県|医療法人琉憲会ナカイマ整形外科クリニック	和歌山県	医療法人琉憲会 ナカイマ整形外科クリニック	02E2407029|02E2407030						NONE	NO	NO	[]
埼玉県|まくり整形外科クリニック	埼玉県	まくり整形外科クリニック	03C2305021						NONE	NO	NO	[]
埼玉県|医療法人川久保病院	埼玉県	医療法人 川久保病院	02C2001042						NONE	NO	NO	[]
埼玉県|医療法人元志会川越TACA川越下肢静脈瘤膝関節クリニック	埼玉県	医療法人元志会  川越TACA川越下肢静脈瘤膝関節クリニック	03C2607036						NONE	NO	NO	[]
埼玉県|医療法人彰友会小林整形外科	埼玉県	医療法人彰友会 小林整形外科	01C2401026						NONE	NO	NO	[]
埼玉県|医療法人社団iDさいたま新都心iD整形外科	埼玉県	医療法人社団iD さいたま新都心iD整形外科	01C2503031						NONE	NO	NO	[]
埼玉県|医療法人社団スマイル&ファインいしがみ整形外科クリニック	埼玉県	医療法人社団スマイル&ファイン いしがみ整形外科クリニック	01C2402038						NONE	NO	NO	[]
埼玉県|医療法人社団南越谷病院	埼玉県	医療法人社団南越谷病院	01C2102010|01C2102011						NONE	NO	NO	[]
埼玉県|医療法人社団祐慈会井上整形外科クリニック	埼玉県	医療法人社団祐慈会 井上整形外科クリニック	03C2305016						NONE	NO	NO	[]
埼玉県|埼玉整形外科スポーツクリニック	埼玉県	埼玉整形外科スポーツクリニック	01C2606063|01C2607019						NONE	NO	NO	[]
埼玉県|大宮はしもと整形外科	埼玉県	大宮はしもと整形外科	01C2204013|01C2212041	APS		Zimmer Biomet	Zimmer Biomet	Zimmer Biomet	VALIDATED_PRODUCT_MAP_OFFICIAL	YES	YES	"[{""url"": ""https://omiyahashimoto.com/prp"", ""title"": ""PRP療法とは | 大宮の大宮はしもと整形外科"", ""products"": [""APS""], ""makers"": [], ""product_context"": {""APS"": [""の血小板が多く含まれる部分のみを抽出し、自己PRPを作成します。 このPRP中には、成長因子が豊富に含まれますので、これを自分の身体の傷んだ部分に注射すると、その部分の組織の修復が促進され、”早期治癒”や”疼痛の軽減”効果をもたらします。 部位にもよりますが当院では多くの方に症状の改善を認めています。 ※現在PRP-FD療法(PRPを高濃度に凝縮したもの)やAPS療法(血小板から放出されるサイトカインのみを抽出したもの)など様々な形のPRP療法が存在します。近年筑波大学や海外の大学において、PRP-FDのように高度に濃縮したPRPではかえって組織の治癒が阻害される場合があることが実証されてきました。PRP-FDは医療機関で採取した血液を他機関に依頼して作成したPRPを乾燥させて保存しておき、日を改めて患者さんに戻す際"", ""関に依頼して作成したPRPを乾燥させて保存しておき、日を改めて患者さんに戻す際に水を加えて戻したものです。自施設でPRPを作らない医療機関にとっては便利な方法ですが、せっかく採取したPRPを乾燥させてしまうため血小板の再生能力が損なわれてしまう事が懸念されます。当院では自施設で血液を採取してすぐにPRPを作成しているため、新鮮な血小板を注入できるのです。またAPSのようにサイトカインの液体のみを注入するよりも血小板を患部に留まらせて持続的に治癒を促すサイトカインを放出させた方が成績が良いこともわかってきました。当院では筑波大らの研究結果に基づき、現在考えられている最適のPRP(全血液の2倍程度の濃縮率の血小板を含むPRP)を作成しています。 膝の痛み 膝の痛みのある方は、PRP療法の良い適応になります。変形性関節症で""]}, ""maker_context"": {}}]"
埼玉県|根本外科整形外科	埼玉県	根本外科整形外科	01C2303014|01C2303015						NONE	NO	NO	[]
埼玉県|独立行政法人国立病院機構西埼玉中央病院	埼玉県	独立行政法人国立病院機構西埼玉中央病院	02C1911189						NONE	NO	NO	[]
大分県|仙波整形外科	大分県	仙波整形外科	01G2101005						NONE	NO	NO	[]
大分県|医療法人恵愛会中村病院	大分県	医療法人恵愛会 中村病院	02G1911002						NONE	NO	NO	[]
大分県|猿渡整形外科スポーツリハクリニック	大分県	猿渡整形外科スポーツリハクリニック	01G2010001	Condensia	京セラ	京セラ	京セラ	京セラ	EXPLICIT_OFFICIAL	YES	YES	"[{""url"": ""https://sawatari-cl.com/prp%E7%99%82%E6%B3%95/"", ""title"": ""PRP療法 | 猿渡整形外科スポーツリハクリニック"", ""products"": [""Condensia""], ""makers"": [""京セラ""], ""product_context"": {""Condensia"": [""スポーツをしていて早く復帰したい 長い持続効果のある治療をしたい 薬剤アレルギーがあり治療ができない 治療の流れ 治療は日帰りで終わります。原則として麻酔は必要ありません。 ※治療当日は飲酒や入浴をお控えください。 ① 患者様の血液を約10〜20mL 取ります。 ② 血液を遠心分離機にかけ、PRPを作製します。 ③ PRPを患部に注入します。 費用 京セラCondensiaシステムによるP R P作成を行なっております。 厚生労働省より認可を受けた医療機関のみ行う治療ですが、日本ではまだ先進医療扱いのため、保険適用ではありません。 今現在、つらい痛みを抱えて、何とかしたいと考えている患者さんに治療の選択肢を増やすため、当院ではこの治療を希望する方に自費診療として提供しています。 当院では実際の効果判定ができるまでは、治療導入に""]}, ""maker_context"": {""京セラ"": [""節症 ひざ、肩の痛みがとれない 今の治療に成果を感じられない 慢性化した痛みを治したい スポーツをしていて早く復帰したい 長い持続効果のある治療をしたい 薬剤アレルギーがあり治療ができない 治療の流れ 治療は日帰りで終わります。原則として麻酔は必要ありません。 ※治療当日は飲酒や入浴をお控えください。 ① 患者様の血液を約10〜20mL 取ります。 ② 血液を遠心分離機にかけ、PRPを作製します。 ③ PRPを患部に注入します。 費用 京セラCondensiaシステムによるP R P作成を行なっております。 厚生労働省より認可を受けた医療機関のみ行う治療ですが、日本ではまだ先進医療扱いのため、保険適用ではありません。 今現在、つらい痛みを抱えて、何とかしたいと考えている患者さんに治療の選択肢を増やすため、当院ではこの治療を希望する方に自費診療として提供しています。 当院では実際の効果判定ができるまでは、治療導入にかかる費用を度外視し、利益の出ないレベルでの価格帯（国内で最も""]}}, {""url"": ""https://sawatari-cl.com/%E6%B2%BB%E7%99%82%E5%86%85%E5%AE%B9%E8%A9%B3%E7%B4%B0/"", ""title"": ""治療内容詳細 | 猿渡整形外科スポーツリハクリニック"", ""products"": [""Condensia""], ""makers"": [""京セラ""], ""product_context"": {""Condensia"": [""いものです） ・内出血 ・採血に伴うめまい、気分不良 ・感染（まれですが、 関節内感染を起こした場合は入院治療が必要になることがあります ） ・十分な効果が得られない場合があります 次の方は受けられない、または慎重な判断が必要です。 妊娠中・授乳中の方、悪性腫瘍の治療中の方、 血液の病気がある方、 治療部位に感染がある方、抗血栓薬を服用中の方。 費用 京セラCondensiaシステムによるP R P作成を行なっております。 本治療は、再生医療等の安全性の確保等に関する法律に基づき、認定再生医療等委員会の審査を経て、厚生労働省（九州厚生局）へ再生医療等提供計画を届け出たうえで実施している自由診療です。保険は適用されません。 今現在、つらい痛みを抱えて、何とかしたいと考えている患者さんに治療の選択肢を増やすため、当院ではこの治療を希""]}, ""maker_context"": {""京セラ"": [""す。 副作用 ・注射した部位の痛み、腫れ、熱感（ 数日から1週間程度でおさまることが多いものです） ・内出血 ・採血に伴うめまい、気分不良 ・感染（まれですが、 関節内感染を起こした場合は入院治療が必要になることがあります ） ・十分な効果が得られない場合があります 次の方は受けられない、または慎重な判断が必要です。 妊娠中・授乳中の方、悪性腫瘍の治療中の方、 血液の病気がある方、 治療部位に感染がある方、抗血栓薬を服用中の方。 費用 京セラCondensiaシステムによるP R P作成を行なっております。 本治療は、再生医療等の安全性の確保等に関する法律に基づき、認定再生医療等委員会の審査を経て、厚生労働省（九州厚生局）へ再生医療等提供計画を届け出たうえで実施している自由診療です。保険は適用されません。 今現在、つらい痛みを抱えて、何とかしたいと考えている患者さんに治療の選択肢を増やすため、当院ではこの治療を希望する方に自費診療として提供しています。 当院では実際の効果判""]}}]"
大阪府|CELLGRANDCLINIC	大阪府	CELL GRAND CLINIC	01E2412017|01E2502004|01E2602015						NONE	NO	NO	[]
大阪府|ONECLINIC梅田	大阪府	ONE CLINIC 梅田	01E2112013	MyCells		ESTAR Technologies	ESTAR Technologies Ltd.	ディーマー・メディカル・ジャパン	VALIDATED_PRODUCT_MAP_OFFICIAL	YES	YES	"[{""url"": ""https://one-clinic-umeda.com/prp-therapy/"", ""title"": ""PRP療法｜梅田のONE CLINIC 梅田へ"", ""products"": [""MyCells""], ""makers"": [], ""product_context"": {""MyCells"": [""管修復、コラーゲン生成を助けます。 VEGF （血管内皮増殖因子） 血管内皮細胞の増殖や新生を促進します。 TGF- β（変形成成長因子β） 上皮細胞、血管内皮細胞の増殖や新生、傷の治癒を刺激します。 これらの成長因子は、傷の治癒や細胞再生、コラーゲン生成などにおいて効果的で、血管や肌の若返りに貢献します。 PRPキットについて 当院では、安全性が確認されたMyCells（マイセル）というPRP作成キット（Kaylight社製）を使用しております。このキットはアメリカのFDAおよびヨーロッパCEマークの認証を受けており、日本の厚生労働省に相当する機関による認定も取得しており、非常に高い安全性を誇っています。採血からPRP作成まで閉鎖チューブ内で行われるため、異物や細菌の混入の心配がありません。 スポーツによる怪我の治療 スポ"", ""ン生成を助けます。 VEGF （血管内皮増殖因子） 血管内皮細胞の増殖や新生を促進します。 TGF- β（変形成成長因子β） 上皮細胞、血管内皮細胞の増殖や新生、傷の治癒を刺激します。 これらの成長因子は、傷の治癒や細胞再生、コラーゲン生成などにおいて効果的で、血管や肌の若返りに貢献します。 PRPキットについて 当院では、安全性が確認されたMyCells（マイセル）というPRP作成キット（Kaylight社製）を使用しております。このキットはアメリカのFDAおよびヨーロッパCEマークの認証を受けており、日本の厚生労働省に相当する機関による認定も取得しており、非常に高い安全性を誇っています。採血からPRP作成まで閉鎖チューブ内で行われるため、異物や細菌の混入の心配がありません。 スポーツによる怪我の治療 スポーツによる""]}, ""maker_context"": {}}]"
大阪府|TCB東京中央美容外科・TCBスキンクリニックBSクリニックPrestige梅田大阪駅前院	大阪府	TCB 東京中央美容外科・TCB スキンクリニック BSクリニック Prestige 梅田大阪駅前院	03E2602016						NONE	NO	NO	[]
大阪府|しらい痛みのクリニック	大阪府	しらい痛みのクリニック	01E2511022						NONE	NO	NO	[]
大阪府|つねとう痛みのクリニック	大阪府	つねとう痛みのクリニック	01E2505003						NONE	NO	NO	[]
大阪府|ひらまつ整形外科難波膝スポーツクリニック	大阪府	ひらまつ整形外科 難波膝スポーツクリニック	01E2605008						NONE	NO	NO	[]
大阪府|アスレティックス整形外科肩膝スポーツクリニック	大阪府	アスレティックス整形外科肩膝スポーツクリニック	01E2511016|01E2511017	Condensia	京セラ	京セラ	京セラ	京セラ	EXPLICIT_OFFICIAL	YES	YES	"[{""url"": ""https://athletics-clinic.jp/prp/"", ""title"": ""再生療法【PRP療法】｜八尾市のアスレティックス整形外科肩膝スポーツクリニック"", ""products"": [""Condensia""], ""makers"": [""京セラ""], ""product_context"": {""Condensia"": [""には個人差があり、すべての方に効果が保証されるものではありません。 治療後、一時的に注入部位に痛みや腫れ、熱感が出ることがあります。 健康保険が適用されない自由診療 のため、治療費は全額自己負担となります。 感染症（HIV、B型・C型肝炎など）をお持ちの方は、治療を受けられない場合があります。 当院のPRP療法の特徴 1. 高品質なPRPの作成（京セラ社製 Condensia採用） 安心の日本製システムを使用します。 2段階の遠心分離により、血小板を高濃度に濃縮した質の高いPRPを作成可能です。 疾患や部位に応じて、白血球の量を調整した2種類のPRP（LR-PRP/LP-PRP）を使い分けることができ、より個別化された治療を提供します。 2. 超音波ガイド下での正確な注入 注入は、 必ず超音波（エコー）で患部を確認しながら 行い""]}, ""maker_context"": {""京セラ"": [""の必要がない（日帰り治療が可能）。 繰り返し治療を行うことが可能。 デメリット 効果の現れ方には個人差があり、すべての方に効果が保証されるものではありません。 治療後、一時的に注入部位に痛みや腫れ、熱感が出ることがあります。 健康保険が適用されない自由診療 のため、治療費は全額自己負担となります。 感染症（HIV、B型・C型肝炎など）をお持ちの方は、治療を受けられない場合があります。 当院のPRP療法の特徴 1. 高品質なPRPの作成（京セラ社製 Condensia採用） 安心の日本製システムを使用します。 2段階の遠心分離により、血小板を高濃度に濃縮した質の高いPRPを作成可能です。 疾患や部位に応じて、白血球の量を調整した2種類のPRP（LR-PRP/LP-PRP）を使い分けることができ、より個別化された治療を提供します。 2. 超音波ガイド下での正確な注入 注入は、 必ず超音波（エコー）で患部を確認しながら 行います。これにより、PRPを目的の部位へ正確に届けることが""]}}]"
大阪府|リセリングクリニック	大阪府	リセリングクリニック	03E2506014|03E2506015|03E2506016						NONE	NO	NO	[]
大阪府|ルナペインクリニック	大阪府	ルナペインクリニック	01E2403004						NONE	NO	NO	[]
大阪府|一般社団法人澄佳会松山淳記念クリニック	大阪府	一般社団法人澄佳会 松山淳記念クリニック	01E2508030|02E2607017						NONE	NO	NO	[]
大阪府|一般社団法人隆起会おおたき整形外科	大阪府	一般社団法人隆起会 おおたき整形外科	01E2604017|01E2604018						NONE	NO	NO	[]
大阪府|医療法人井上クリニック	大阪府	医療法人 井上クリニック	01E2104016						NONE	NO	NO	[]
大阪府|医療法人翔寿会こんどう整形外科クリニック	大阪府	医療法人 翔寿会 こんどう整形外科クリニック	01E2411017|01E2411018						NONE	NO	NO	[]
大阪府|医療法人いずみ会阪堺病院	大阪府	医療法人いずみ会 阪堺病院	03E2105004|03E2305033						NONE	NO	NO	[]
大阪府|医療法人じんないクリニック	大阪府	医療法人じんないクリニック	01E2604019						NONE	NO	NO	[]
大阪府|医療法人一幸会いっしん整形外科	大阪府	医療法人一幸会 いっしん整形外科	01E2104018|01E2105009						NONE	NO	NO	[]
大阪府|医療法人仁由会日本ウェルネス再生クリニック	大阪府	医療法人仁由会 日本ウェルネス再生クリニック	03E2206013|03E2206024						NONE	NO	NO	[]
大阪府|医療法人光明会もりあきクリニック	大阪府	医療法人光明会 もりあきクリニック	01E2307007|02E2606021						NONE	NO	NO	[]
大阪府|医療法人再生会そばじまクリニックニューオータニ大阪院	大阪府	医療法人再生会  そばじまクリニック ニューオータニ大阪院	02E2405009|03E2409028|03E2409029|03E2409030						NONE	NO	NO	[]
大阪府|医療法人前幸会ささゆりヘルスクリニック	大阪府	医療法人前幸会 ささゆりヘルスクリニック	03E2201007|03E2201008						NONE	NO	NO	[]
大阪府|医療法人天野整形外科	大阪府	医療法人天野整形外科	01E2310023|01E2310024						NONE	NO	NO	[]
大阪府|医療法人想千あわ整形外科クリニック	大阪府	医療法人想千あわ整形外科クリニック	03E2404012						NONE	NO	NO	[]
大阪府|医療法人慶春会福永記念診療所	大阪府	医療法人慶春会 福永記念診療所	02E2506021|02E2506026|03E2407016						NONE	NO	NO	[]
大阪府|医療法人村上整形外科	大阪府	医療法人村上整形外科	01E2308018|01E2308019						NONE	NO	NO	[]
大阪府|医療法人桂礼会小阪医院	大阪府	医療法人桂礼会 小阪医院	01E2408018|01E2408019						NONE	NO	NO	[]
大阪府|医療法人桜希会東朋八尾健診クリニック	大阪府	医療法人桜希会 東朋八尾健診クリニック	03E2405011						NONE	NO	NO	[]
大阪府|医療法人生樹会渡辺病院	大阪府	医療法人生樹会 渡辺病院	01E2412014						NONE	NO	NO	[]
大阪府|医療法人社団彦星会健都よねだスポーツ整形外科	大阪府	医療法人社団彦星会 健都よねだスポーツ整形外科	01E2503011						NONE	NO	NO	[]
大阪府|医療法人社団日生会リバースセルクリニック	大阪府	医療法人社団日生会 リバースセルクリニック	03E2602011|03E2602012						NONE	NO	NO	[]
大阪府|医療法人美喜有会リペアセルクリニック	大阪府	医療法人美喜有会  リペアセルクリニック	02E2603026|02E2603028|02E2603029|02E2603032						NONE	NO	NO	[]
大阪府|医療法人良花会整形外科とくはらクリニック	大阪府	医療法人良花会 整形外科とくはらクリニック	01E2004008|01E2004009						NONE	NO	NO	[]
大阪府|医療法人蒼優会NLC野中腰痛クリニック	大阪府	医療法人蒼優会 NLC野中腰痛クリニック	01E2312014						NONE	NO	NO	[]
大阪府|医療法人讃高会枚方東整形外科病院	大阪府	医療法人讃高会 枚方東整形外科病院	02E2507044|02E2507045						NONE	NO	NO	[]
大阪府|医療法人酒井会さかいペインクリニック	大阪府	医療法人酒井会 さかいペインクリニック	01E2403005|01E2403006						NONE	NO	NO	[]
大阪府|医療法人香華会Re:BornClinic大阪院	大阪府	医療法人香華会 Re:Born Clinic 大阪院	02E2605005|02E2605006|02E2605014|02E2605018						NONE	NO	NO	[]
大阪府|大阪市立総合医療センター	大阪府	大阪市立総合医療センター	03E2604001|03E2604002						NONE	NO	NO	[]
大阪府|大阪梅田セルクリニック	大阪府	大阪梅田セルクリニック	02E2309002|02E2310001|02E2602002	APS		Zimmer Biomet	Zimmer Biomet	Zimmer Biomet	VALIDATED_PRODUCT_MAP_OFFICIAL	YES	YES	"[{""url"": ""https://www.osaka-knee.com/regenerative-medicine/prp"", ""title"": ""大阪梅田のPRP治療なら膝の痛み専門 大阪梅田セルクリニック"", ""products"": [""APS""], ""makers"": [], ""product_context"": {""APS"": [""長因子」のみを取り出し、凍結・乾燥（フリーズドライ）加工したものを患部に注入する治療法です。PRP に比べ、成長因子（TGF-β※）の総量が約2 倍含まれるため、より高い効果で炎症による痛みを抑え、損傷部位の治癒を促します。 PRP は採血当日のみ使用できますが、PRP-FD の場合、フリーズドライ加工されているため、６ヶ月間の保存が可能です。 ​ ​ ​ APSとは PRPをさらに遠心分離・濃縮することで、炎症を抑える働きのあるタンパク質（サイトカイン）と、細胞を増殖させ、組織の成長を促進する成長因子を高濃度に抽出したものがAPSです。関節の痛みや炎症の軽減、軟骨、半月板、骨、靭帯の修復を促す働きがあります。外国製のキットを用いて作成します。 ​ ​ 血小板とは 血小板は血液に含まれる成分です。出血した時に止血する"", ""果で炎症による痛みを抑え、損傷部位の治癒を促します。 PRP は採血当日のみ使用できますが、PRP-FD の場合、フリーズドライ加工されているため、６ヶ月間の保存が可能です。 ​ ​ ​ APSとは PRPをさらに遠心分離・濃縮することで、炎症を抑える働きのあるタンパク質（サイトカイン）と、細胞を増殖させ、組織の成長を促進する成長因子を高濃度に抽出したものがAPSです。関節の痛みや炎症の軽減、軟骨、半月板、骨、靭帯の修復を促す働きがあります。外国製のキットを用いて作成します。 ​ ​ 血小板とは 血小板は血液に含まれる成分です。出血した時に止血する働きがあります。さらに損傷した組織を修復する働きがあります。血小板の中には様々なタンパク質（成長因子・サイトカインなど）が含まれています。これらのタンパク質は炎症を抑える効""]}, ""maker_context"": {}}]"
大阪府|桃谷うすい整形外科	大阪府	桃谷うすい整形外科	01E2402008						NONE	NO	NO	[]
大阪府|社会医療法人大阪国際メディカル&サイエンスセンター大阪警察病院	大阪府	社会医療法人 大阪国際メディカル&サイエンスセンター 大阪警察病院	01E2506026						NONE	NO	NO	[]
大阪府|社会医療法人大阪国際メディカル&サイエンスセンター第二大阪警察病院	大阪府	社会医療法人 大阪国際メディカル&サイエンスセンター 第二大阪警察病院	03E2409027						NONE	NO	NO	[]
大阪府|社会医療法人報恩会長吉総合病院	大阪府	社会医療法人報恩会 長吉総合病院	03E2603010|03E2603011						NONE	NO	NO	[]
奈良県|医療法人ポイントワンならやまと整形外科スポーツクリニック	奈良県	医療法人ポイントワン ならやまと整形外科スポーツクリニック	01E2303002						NONE	NO	NO	[]
奈良県|医療法人興生会吉本整形外科・外科病院	奈良県	医療法人興生会 吉本整形外科・外科病院	01E2407015|01E2407016						NONE	NO	NO	[]
宮崎県|くもん整形外科スポーツ・骨関節クリニック	宮崎県	くもん整形外科 スポーツ・骨関節クリニック	01G2404003						NONE	NO	NO	[]
宮崎県|整形外科押領司病院	宮崎県	整形外科 押領司病院	01G2301006						NONE	NO	NO	[]
山口県|医療法人社団宇部興産中央病院	山口県	医療法人社団 宇部興産中央病院	01F2206003|03F2208001						NONE	NO	NO	[]
山口県|森山整形クリニック	山口県	森山整形クリニック	01F2305001						NONE	NO	NO	[]
山梨県|東甲府医院	山梨県	東甲府医院	01C2411014						NONE	NO	NO	[]
山梨県|独立行政法人地域医療機能推進機構山梨病院	山梨県	独立行政法人地域医療機能推進機構 山梨病院	02C2605091						NONE	NO	NO	[]
岐阜県|公立学校共済組合東海中央病院	岐阜県	公立学校共済組合 東海中央病院	03D2509003						NONE	NO	NO	[]
岐阜県|多治見スマートクリニック	岐阜県	多治見スマートクリニック	01D2311005						NONE	NO	NO	[]
岐阜県|朝日大学医科歯科医療センター	岐阜県	朝日大学医科歯科医療センター	03D2511009						NONE	NO	NO	[]
岐阜県|森整形外科リハビリクリニック	岐阜県	森整形外科リハビリクリニック	01D2109002|01D2109003						NONE	NO	NO	[]
岡山県|社会医療法人光生病院	岡山県	社会医療法人光生病院	03F2511005						NONE	NO	NO	[]
岩手県|いわてスポーツ・整形外科クリニック	岩手県	いわてスポーツ・整形外科クリニック	01B2403004						NONE	NO	NO	[]
島根県|医療法人いざみKAZUKIプライベートクリニック松江本院	島根県	医療法人いざみ KAZUKIプライベートクリニック松江本院	01F2508001						NONE	NO	NO	[]
広島県|医療法人社団日本鋼管福山病院	広島県	医療法人社団 日本鋼管福山病院	03F2506005						NONE	NO	NO	[]
広島県|医療法人社団成和会うたのはら整形外科クリニック	広島県	医療法人社団成和会 うたのはら整形外科クリニック	01F2212005						NONE	NO	NO	[]
広島県|医療法人龍樹会池田整形外科リハビリテーションクリニック	広島県	医療法人龍樹会 池田整形外科リハビリテーションクリニック	01F2309003|01F2310002						NONE	NO	NO	[]
広島県|広島大学病院	広島県	広島大学病院	02F2604001|02F2604002						NONE	NO	NO	[]
愛媛県|医療法人鎌野病院	愛媛県	医療法人 鎌野病院	03F2606001|03F2606002	ACP		Arthrex	Arthrex	Arthrex Japan	VALIDATED_PRODUCT_MAP_OFFICIAL	YES	YES	"[{""url"": ""https://www.kamano-hospital.com/prp/index.html"", ""title"": ""PRPçæ³ã®ãæ¡åï½èã®çã¿ã«ï½ééçé¢ï¼å®åå³¶å¸ï¼"", ""products"": [""ACP""], ""makers"": [], ""product_context"": {""ACP"": [""ã PRPçæ³ã¨ã¯ãæ£è ããã®â¾æ¶²ã å©â½¤ããåâ½£å»çã§ãã å¤å½¢æ§èé¢ç¯çã¨ã¯ PRPçæ³ã¨ã¯ï¼ PRPæ²»çã®å¯¾è±¡è PRPçæ³ã®æ²»çå¯¾è±¡ç¾æ£ ACP PRPçæ³ã®æ²»çã®æµã ACP PRPçæ³ã®ç¹é· ACP PRPçæ³ã®ä½ç¨ ACP PRPçæ³ã®å¯ä½ç¨ã»äºè±¡ã«ã¤ãã¦ æ¬æ²»çã«ãããæ³¨æç¹ ACP PRPçæ³ã®æé èã"", ""ã®â¾æ¶²ã å©â½¤ããåâ½£å»çã§ãã å¤å½¢æ§èé¢ç¯çã¨ã¯ PRPçæ³ã¨ã¯ï¼ PRPæ²»çã®å¯¾è±¡è PRPçæ³ã®æ²»çå¯¾è±¡ç¾æ£ ACP PRPçæ³ã®æ²»çã®æµã ACP PRPçæ³ã®ç¹é· ACP PRPçæ³ã®ä½ç¨ ACP PRPçæ³ã®å¯ä½ç¨ã»äºè±¡ã«ã¤ãã¦ æ¬æ²»çã«ãããæ³¨æç¹ ACP PRPçæ³ã®æé èãé¢ç¯ç­ã®çã¿ã§ãå°ã""]}, ""maker_context"": {}}]"
愛媛県|医療法人補天会光生クリニック	愛媛県	医療法人補天会 光生クリニック	03F2501002|03F2501003						NONE	NO	NO	[]
愛知県|HIMECLINIC	愛知県	HIME CLINIC	01D2603004						NONE	NO	NO	[]
愛知県|あいせい紀年病院	愛知県	あいせい紀年病院	03D2606001						NONE	NO	NO	[]
愛知県|おかざき足の血管外科・痛みのクリニック	愛知県	おかざき足の血管外科・痛みのクリニック	01D2205007						NONE	NO	NO	[]
愛知県|ふくだ整形外科骨粗しょう症スポーツクリニック	愛知県	ふくだ整形外科骨粗しょう症スポーツクリニック	01D2211013|01D2211014						NONE	NO	NO	[]
愛知県|ふくの森リハビリ整形外科	愛知県	ふくの森リハビリ整形外科	01D2404006						NONE	NO	NO	[]
愛知県|オーダーメイド・クリニックNAGOYA	愛知県	オーダーメイド・クリニック NAGOYA	01D2306010						NONE	NO	NO	[]
愛知県|フェリシティークリニック名古屋	愛知県	フェリシティークリニック名古屋	01D1906001						NONE	NO	NO	[]
愛知県|リジェネレーションクリニック	愛知県	リジェネレーションクリニック	01D2404004|01D2404005						NONE	NO	NO	[]
愛知県|医療法人SmartClinic小牧スマートクリニック	愛知県	医療法人SmartClinic 小牧スマートクリニック	01D2505006						NONE	NO	NO	[]
愛知県|医療法人愛恵会愛光整形外科	愛知県	医療法人愛恵会 愛光整形外科	02D1909077						NONE	NO	NO	[]
愛知県|医療法人社団交和会リブラささしまメディカルクリニック	愛知県	医療法人社団交和会 リブラささしまメディカルクリニック	03D2606014|03D2606015						NONE	NO	NO	[]
愛知県|医療法人社団福祉会高須病院	愛知県	医療法人社団福祉会 高須病院	01D2405005|01D2408010|01D2509003						NONE	NO	NO	[]
愛知県|医療法人蜂友会はちや整形外科病院	愛知県	医療法人蜂友会 はちや整形外科病院	03D2605008						NONE	NO	NO	[]
愛知県|医療法人財団檜扇会クリニック名古屋ちくさヒルズ	愛知県	医療法人財団 檜扇会 クリニック 名古屋ちくさヒルズ	03D2505012|03D2505013|03D2505018|03D2505020						NONE	NO	NO	[]
愛知県|名古屋麻酔科クリニック	愛知県	名古屋麻酔科クリニック	01D2511003						NONE	NO	NO	[]
愛知県|名鉄病院	愛知県	名鉄病院	03D2205001						NONE	NO	NO	[]
愛知県|愛知医科大学病院	愛知県	愛知医科大学病院	03D2606002						NONE	NO	NO	[]
愛知県|春日井整形あさひ病院	愛知県	春日井整形あさひ病院	03D2506004						NONE	NO	NO	[]
愛知県|瀬戸にしな整形外科クリニック	愛知県	瀬戸にしな整形外科クリニック	01D2111003						NONE	NO	NO	[]
愛知県|米田病院	愛知県	米田病院	03D2604004|03D2604005						NONE	NO	NO	[]
新潟県|医療法人社団おおたに整形外科クリニック	新潟県	医療法人社団おおたに整形外科クリニック	01C2605002|01C2605008						NONE	NO	NO	[]
東京都|NAG整形外科	東京都	NAG整形外科	01C2304054|01C2305018|01C2305019						NONE	NO	NO	[]
東京都|RiCarnaClinic	東京都	RiCarna Clinic	01C2502013						NONE	NO	NO	[]
東京都|いたばし整形外科関節クリニック	東京都	いたばし整形外科関節クリニック	01C2605016						NONE	NO	NO	[]
東京都|おかのクリニック	東京都	おかのクリニック	01C2205034|01C2205035						NONE	NO	NO	[]
東京都|すみだ運動器リハビリテーションクリニック	東京都	すみだ運動器リハビリテーションクリニック	01C2302048						NONE	NO	NO	[]
東京都|つくる整形外科祐天寺駅前スポーツクリニック	東京都	つくる整形外科 祐天寺駅前スポーツクリニック	01C2211047|01C2211048						NONE	NO	NO	[]
東京都|ガーデンクリニックザ・ホワイトデンタルクリニック品川院	東京都	ガーデンクリニック ザ・ホワイトデンタルクリニック 品川院	03C2110022|03C2408009						NONE	NO	NO	[]
東京都|キヤンメディカルクリニック虎ノ門	東京都	キヤンメディカルクリニック虎ノ門	01C2409027						NONE	NO	NO	[]
東京都|一般社団法人MAY武蔵野アトラスターズ整形外科スポーツクリニック	東京都	一般社団法人MAY 武蔵野アトラスターズ整形外科スポーツクリニック	01C2506042						NONE	NO	NO	[]
東京都|一般社団法人エンパシアIITCLINIC	東京都	一般社団法人エンパシア IIT CLINIC	01C2504027						NONE	NO	NO	[]
東京都|一般社団法人健寿会表参道イーグルクリニック	東京都	一般社団法人健寿会 表参道イーグルクリニック	02C2410002|02C2410004						NONE	NO	NO	[]
東京都|一般社団法人再健会シン・整形外科代々木上原	東京都	一般社団法人再健会 シン・整形外科 代々木上原	01C2603035						NONE	NO	NO	[]
東京都|一般社団法人再生医療皮膚科研究会TokyoBeautyMasterClinic.	東京都	一般社団法人再生医療皮膚科研究会 Tokyo Beauty Master Clinic.	01C2601051						NONE	NO	NO	[]
東京都|一般社団法人天美会TenviClinicGinza	東京都	一般社団法人天美会Tenvi Clinic Ginza	01C2602050						NONE	NO	NO	[]
東京都|一般社団法人未来医療センターSENSHINCLINIC	東京都	一般社団法人未来医療センター  SENSHIN CLINIC	01C2506006|01C2601039|01C2602055						NONE	NO	NO	[]
東京都|一般社団法人東京リライフ東京リライフクリニック	東京都	一般社団法人東京リライフ 東京リライフクリニック	02C2602047|03C2603001|03C2603002						NONE	NO	NO	[]
東京都|一般社団法人雲動会あおぞらクリニック整形外科	東京都	一般社団法人雲動会 あおぞらクリニック整形外科	01C2503018|01C2503021|01C2508095						NONE	NO	NO	[]
東京都|三宿通り整形外科クリニック	東京都	三宿通り整形外科クリニック	01C2308049|01C2308050						NONE	NO	NO	[]
東京都|上石神井オチクリニック整形外科	東京都	上石神井オチクリニック整形外科	02C2601089|02C2601090						NONE	NO	NO	[]
東京都|元浅草いけだクリニック	東京都	元浅草いけだクリニック	01C1905038						NONE	NO	NO	[]
東京都|六本木北浜診療所	東京都	六本木北浜診療所	01C2603001						NONE	NO	NO	[]
東京都|医療法人保仁会神谷整形外科・眼科	東京都	医療法人 保仁会 神谷整形外科・眼科	02C1907031						NONE	NO	NO	[]
東京都|医療法人さくら会銀座NANAクリニック	東京都	医療法人さくら会 銀座NANAクリニック	01C2307044						NONE	NO	NO	[]
東京都|医療法人京華会CLINICABellaForma	東京都	医療法人京華会 CLINICA BellaForma	01C2604016|02C2409025|02C2409026|02C2607072						NONE	NO	NO	[]
東京都|医療法人社団山手クリニック	東京都	医療法人社団 山手クリニック	01C2310059						NONE	NO	NO	[]
東京都|医療法人社団ARen大森整形外科	東京都	医療法人社団ARen 大森整形外科	03C2309035						NONE	NO	NO	[]
東京都|医療法人社団BODHIDr.KAKUKOスポーツクリニック	東京都	医療法人社団BODHI Dr.KAKUKOスポーツクリニック	01C1912059						NONE	NO	NO	[]
東京都|医療法人社団KRMG東京ヴェインクリニック	東京都	医療法人社団KRMG 東京ヴェインクリニック	01C2301038						NONE	NO	NO	[]
東京都|医療法人社団ことのは両国きたむら整形外科	東京都	医療法人社団ことのは 両国きたむら整形外科	02C2606060						NONE	NO	NO	[]
東京都|医療法人社団しぜん会まつだ整形外科・リウマチ科	東京都	医療法人社団しぜん会 まつだ整形外科・リウマチ科	02C1912131						NONE	NO	NO	[]
東京都|医療法人社団主正会かわさきクリニック	東京都	医療法人社団主正会 かわさきクリニック	01C1910051						NONE	NO	NO	[]
東京都|医療法人社団井上いのうえ整形外科	東京都	医療法人社団井上 いのうえ整形外科	02C2601088						NONE	NO	NO	[]
東京都|医療法人社団健翔会豊島長崎クリニック	東京都	医療法人社団健翔会 豊島長崎クリニック	02C1912115						NONE	NO	NO	[]
東京都|医療法人社団円徳慶友整形外科脊椎関節病院	東京都	医療法人社団円徳 慶友整形外科脊椎関節病院	01C2309057|01C2312020|01C2312021|01C2409063|03C2308022						NONE	NO	NO	[]
東京都|医療法人社団和み會東京長寿医学クリニック	東京都	医療法人社団和み會 東京長寿医学クリニック	03C2606046|03C2607026						NONE	NO	NO	[]
東京都|医療法人社団善用会講道館ビルクリニック	東京都	医療法人社団善用会 講道館ビルクリニック	01C2603012	ACP	Arthrex	Arthrex	Arthrex	Arthrex Japan	EXPLICIT_OFFICIAL	YES	YES	"[{""url"": ""https://kodokan.jp/prp%E7%99%82%E6%B3%95%EF%BC%88%E8%87%AA%E8%B2%BB%E8%A8%BA%E7%99%82%EF%BC%89"", ""title"": ""PRP療法（自費診療） | 講道館ビルクリニック"", ""products"": [""ACP""], ""makers"": [""Arthrex""], ""product_context"": {""ACP"": [""al_phone 03-5842-6311 休診日 （金）午前、（土）午後、（日）、祝日 診療時間はこちら ホーム 当院の特徴 ご挨拶 診療の流れ 【初めて当院を受診される患者様】 【物理療法を受けられる方へ】 力を入れている治療 Q&A アクセス 施設案内 当日受付 ※時間予約ではありません。 ホーム > PRP療法（自費診療） PRP療法（自費診療） ACP-PRP療法のご案内 講道館ビルクリニックでは、令和6年1月より自己血由来成分を用いた再生治療「ACP-PRP療法（自費診療）」を導入しました。 関節や腱、靭帯などの損傷や慢性的な痛みに対し、患者様自身の血液から抽出した成長因子を用いて、自然治癒力を促進する先進的な治療法です。 ACP-PRP療法とは ACP（Autologous Conditioned P"", ""ちら ホーム 当院の特徴 ご挨拶 診療の流れ 【初めて当院を受診される患者様】 【物理療法を受けられる方へ】 力を入れている治療 Q&A アクセス 施設案内 当日受付 ※時間予約ではありません。 ホーム > PRP療法（自費診療） PRP療法（自費診療） ACP-PRP療法のご案内 講道館ビルクリニックでは、令和6年1月より自己血由来成分を用いた再生治療「ACP-PRP療法（自費診療）」を導入しました。 関節や腱、靭帯などの損傷や慢性的な痛みに対し、患者様自身の血液から抽出した成長因子を用いて、自然治癒力を促進する先進的な治療法です。 ACP-PRP療法とは ACP（Autologous Conditioned Plasma）／PRP（Platelet-Rich Plasma）療法は、患者様ご自身の血液を採取し、遠""]}, ""maker_context"": {""Arthrex"": [""） 2．治療についての説明、症状によっては他の治療をお勧めすることもあります。 3．PRPについての同意書、予約の取得 4．採血（少量）を行い、遠心分離装置で血小板を濃縮 5．濃縮されたPRPを患部に注入 6．注入後は安静・経過観察（必要に応じてリハビリを併用） 費用について ※2026年4月1日より価格変更 ・1か所：¥33,000円（税込）→ ¥45,000（税込み） ※保険適用外の自費診療となります。 使用機器について 当院では、Arthrex社の「Arthrex ACP ダブルシリンジシステム」を使用しています。このシステムは、採血から分離・注入までをクローズド環境で行うため、感染リスクを最小限に抑え、安全かつ効率的にPRPを調整することができます。 ABS-10014_Arthrex ACP Double Syringe ※令和6年1月より導入。 注意事項・禁忌 ・抗凝固剤を服用中の方、重度の血液疾患をお持ちの方は適応外となる場合があります。 ・感染症のある部位、妊娠中・"", ""の説明、症状によっては他の治療をお勧めすることもあります。 3．PRPについての同意書、予約の取得 4．採血（少量）を行い、遠心分離装置で血小板を濃縮 5．濃縮されたPRPを患部に注入 6．注入後は安静・経過観察（必要に応じてリハビリを併用） 費用について ※2026年4月1日より価格変更 ・1か所：¥33,000円（税込）→ ¥45,000（税込み） ※保険適用外の自費診療となります。 使用機器について 当院では、Arthrex社の「Arthrex ACP ダブルシリンジシステム」を使用しています。このシステムは、採血から分離・注入までをクローズド環境で行うため、感染リスクを最小限に抑え、安全かつ効率的にPRPを調整することができます。 ABS-10014_Arthrex ACP Double Syringe ※令和6年1月より導入。 注意事項・禁忌 ・抗凝固剤を服用中の方、重度の血液疾患をお持ちの方は適応外となる場合があります。 ・感染症のある部位、妊娠中・授乳中の方への施術は""]}}, {""url"": ""https://kodokan.jp/"", ""title"": ""講道館ビルクリニック | 文京区春日の整形外科・整形外科・リハビリテーション科"", ""products"": [""ACP""], ""makers"": [], ""product_context"": {""ACP"": [""25.09.22更新] 9月は連休や診療医師の変更がございます。 適時ホームページをご参照してください。 よろしくお願いします。 ☆自費診療も行っております。お気軽にご相談ください。 ※ＳＩＳ（電磁場療法）、鍼灸治療、ＰＲＰ療法、 体外衝撃波治療など ※求人情報もご確認ください！ PRP療法のお知らせ。 [2024.02.23更新] 当院では令和6年1月からACP-PRP療法を開始しております。 当日での対応も可能な場合もあります。 診察室などでお気軽にお問い合わせください。 鍼灸治療について [2024.02.22更新] 当院には専任の鍼灸師が在籍しており、医師と連携しながら施術を行っております。 慢性の痛みや痛む場所が多い方や、電気治療でなかなか満足が得られない方にお勧めです。 心と体のコンディショニングとしても""]}, ""maker_context"": {}}, {""url"": ""https://kodokan.jp/%E3%81%94%E6%8C%A8%E6%8B%B6"", ""title"": ""ご挨拶 | 講道館ビルクリニック"", ""products"": [""ACP""], ""makers"": [], ""product_context"": {""ACP"": [""お気軽に聞いてください。 当院ではエコーによる運動器超音波検査を導入しておりますが、もはや近年では整形外科診療ではなくてはならない当たり前のことになっております。日々進化している運動器治療に乗り遅れないようにこれからも研鑽していきたい思いです。超音波ガイド下での注射療法や、凍結肩の方にサイレントマニュピレーション（選択的神経ブロック下肩関節授動術）、PRP(ACP)療法、体外衝撃波治療、高電磁場治療、鍼灸治療なども取り入れておりますので、ぜひご相談ください。 私は学生時代から可愛がっていただいた先生の勧めで勧めで柔道大会に救護医として携わらせていただくようになりました。地方大会から全国大会、国際大会まで救護として参加しております。また、医師柔道大会に参加した際に出会った先生の勧めで全日本柔道のチームドクターとして世界""]}, ""maker_context"": {}}]"
東京都|医療法人社団喜美会自由が丘クリニック	東京都	医療法人社団喜美会 自由が丘クリニック	01C2508073|01C2508074|01C2603057						NONE	NO	NO	[]
東京都|医療法人社団小﨑会常盤台らいおん整形外科	東京都	医療法人社団小﨑会 常盤台らいおん整形外科	03C2305004						NONE	NO	NO	[]
東京都|医療法人社団平成会たいら整形外科クリニック	東京都	医療法人社団平成会 たいら整形外科クリニック	01C2210027						NONE	NO	NO	[]
東京都|医療法人社団心愛会麻布台ビューティセルクリニック	東京都	医療法人社団心愛会 麻布台ビューティセルクリニック	01C2507026|01C2507038						NONE	NO	NO	[]
東京都|医療法人社団慶光会大城クリニック	東京都	医療法人社団慶光会 大城クリニック	01C1911015						NONE	NO	NO	[]
東京都|医療法人社団慶永会徳永整形外科	東京都	医療法人社団慶永会 徳永整形外科	01C2206030						NONE	NO	NO	[]
東京都|医療法人社団成煌会瑞江整形外科	東京都	医療法人社団成煌会 瑞江整形外科	01C1908039						NONE	NO	NO	[]
東京都|医療法人社団明由会今給黎整形外科クリニック	東京都	医療法人社団明由会 今給黎整形外科クリニック	02C1911224						NONE	NO	NO	[]
東京都|医療法人社団景星会大塚北口診療所	東京都	医療法人社団景星会 大塚北口診療所	01C2112032						NONE	NO	NO	[]
東京都|医療法人社団晴美会麹町リバース今井整形外科クリニック	東京都	医療法人社団晴美会 麹町リバース今井整形外科クリニック	01C2309002|01C2511043						NONE	NO	NO	[]
東京都|医療法人社団最匠会光伸メディカルクリニック	東京都	医療法人社団最匠会 光伸メディカルクリニック	01C2401012						NONE	NO	NO	[]
東京都|医療法人社団熊野前医院たいら整形外科	東京都	医療法人社団熊野前医院 たいら整形外科	01C2503037|01C2503056						NONE	NO	NO	[]
東京都|医療法人社団癒合会高輪和合クリニック	東京都	医療法人社団癒合会 高輪和合クリニック	01C2407028						NONE	NO	NO	[]
東京都|医療法人社団紘朗会麻布皮フ科クリニック	東京都	医療法人社団紘朗会  麻布皮フ科クリニック	01C2505049						NONE	NO	NO	[]
東京都|医療法人社団育生会私のクリニック目白	東京都	医療法人社団育生会 私のクリニック目白	01C2005002						NONE	NO	NO	[]
東京都|医療法人社団舜成会西国立整形外科クリニック	東京都	医療法人社団舜成会   西国立整形外科クリニック	01C2207058						NONE	NO	NO	[]
東京都|医療法人社団色空会お茶の水整形外科機能リハビリテーションクリニック	東京都	医療法人社団色空会 お茶の水整形外科機能リハビリテーションクリニック	01C2602027						NONE	NO	NO	[]
東京都|医療法人社団誠心会Re:BornClinic銀座院	東京都	医療法人社団誠心会  Re:Born Clinic 銀座院	02C2509032|02C2509040|02C2509048						NONE	NO	NO	[]
東京都|医療法人社団豊饒会RDクリニック東京銀座	東京都	医療法人社団豊饒会RDクリニック東京銀座	02C2501001|02C2512006						NONE	NO	NO	[]
東京都|医療法人社団貴陽会ラカンクリニック東京麻布台	東京都	医療法人社団貴陽会  ラカンクリニック東京 麻布台	01C2507054|01C2507055|01C2509044						NONE	NO	NO	[]
東京都|医療法人社団順公会佐藤整形外科	東京都	医療法人社団順公会 佐藤整形外科	02C2512064						NONE	NO	NO	[]
東京都|医療法人社団順永会目黒さこだ整形外科	東京都	医療法人社団順永会 目黒さこだ整形外科	01C2603045						NONE	NO	NO	[]
東京都|医療法人社団顕伊会さい整形外科クリニック	東京都	医療法人社団顕伊会 さい整形外科クリニック	01C1907048|01C1907070						NONE	NO	NO	[]
東京都|医療法人美喜有会リペアセルクリニック東京院	東京都	医療法人美喜有会  リペアセルクリニック 東京院	02C2604060|02C2604065|02C2604067|02C2604069						NONE	NO	NO	[]
東京都|医療法人財団健貢会東京クリニック	東京都	医療法人財団 健貢会 東京クリニック	01C2407053						NONE	NO	NO	[]
東京都|医療法人財団檜扇会クリニック東京虎ノ門COR	東京都	医療法人財団檜扇会 クリニック 東京虎ノ門COR	02C2404031|02C2404032|02C2404033|02C2404034|02C2404036						NONE	NO	NO	[]
東京都|十条整形外科リハビリクリニック	東京都	十条整形外科リハビリクリニック	01C2209017|03C2305006						NONE	NO	NO	[]
東京都|南新宿整形外科リハビリテーションクリニック	東京都	南新宿整形外科リハビリテーションクリニック	01C1906016|01C1906024|01C2011007						NONE	NO	NO	[]
東京都|女性のための整形外科かおるこHappyクリニック	東京都	女性のための整形外科かおるこHappyクリニック	01C2106016|01C2302066						NONE	NO	NO	[]
東京都|学校法人藤田学園藤田医科大学羽田クリニック	東京都	学校法人藤田学園 藤田医科大学 羽田クリニック	03C2603036|03C2603037|03C2603038						NONE	NO	NO	[]
東京都|日本橋えがわクリニック	東京都	日本橋えがわクリニック	01C2506017|02C2503038						NONE	NO	NO	[]
東京都|日本橋人形町整形外科	東京都	日本橋人形町整形外科	02C2512068						NONE	NO	NO	[]
東京都|東京医科大学病院	東京都	東京医科大学病院	03C2208001						NONE	NO	NO	[]
東京都|東京塔医院	東京都	東京塔医院	01C2510073						NONE	NO	NO	[]
東京都|東京銀座国際醫院	東京都	東京銀座国際醫院	01C2002030|01C2002032						NONE	NO	NO	[]
東京都|東急株式会社東急病院	東京都	東急株式会社東急病院	02C2302016						NONE	NO	NO	[]
東京都|東邦大学医療センター大森病院	東京都	東邦大学医療センター大森病院	03C2412023|03C2412027						NONE	NO	NO	[]
東京都|江戸川区まつもと整形外科	東京都	江戸川区まつもと整形外科	01C2603069|01C2603071						NONE	NO	NO	[]
東京都|池尻大橋せらクリニック	東京都	池尻大橋せらクリニック	01C2403007	ACP	Arthrex	Arthrex	Arthrex	Arthrex Japan	EXPLICIT_OFFICIAL	YES	YES	"[{""url"": ""https://sera-clinic.com/en/prp-therapy/"", ""title"": ""What is PRP therapy? Mechanism, effects, indications, and precautions for promoting joint and muscle healing using your own blood"", ""products"": [""ACP""], ""makers"": [""Arthrex""], ""product_context"": {""ACP"": [""Blog Promotes healing of joints and muscles with your own blood. 2025/04/02 disease Table of Contents 〜PRP Therapy, a type of regenerative medicine What is PRP therapy? [About the ACP (Arthrex) we use. Features of ACP Main diseases for which this is indicated Treatment Flow [Advantages and disadvantages Advantages Disadvantages and cautions Regenerative Medicin"", ""d muscles with your own blood. 2025/04/02 disease Table of Contents 〜PRP Therapy, a type of regenerative medicine What is PRP therapy? [About the ACP (Arthrex) we use. Features of ACP Main diseases for which this is indicated Treatment Flow [Advantages and disadvantages Advantages Disadvantages and cautions Regenerative Medicine at Ikejiri-Ohashi Sera Clinic Su""]}, ""maker_context"": {""Arthrex"": [""ods and techniques Doctor Profiles Blog Promotes healing of joints and muscles with your own blood. 2025/04/02 disease Table of Contents 〜PRP Therapy, a type of regenerative medicine What is PRP therapy? [About the ACP (Arthrex) we use. Features of ACP Main diseases for which this is indicated Treatment Flow [Advantages and disadvantages Advantages Disadvantages and cautions Regenerative Medicine at Ikejiri-Ohashi Sera Clinic Summary 〜PRP Ther"", ""much as possible\"" and \""promote recovery in a natural way\"" with these treatments, the regenerative medicine \""PRP therapy\"" derived from autologous blood is attracting attention. In our hospital, ACP system manufactured by Arthrex, Inc. Using, Provides high-quality PRP (platelet-rich plasma) therapy The company is doing so. In this article, we will comprehensively explain what kind of treatment PRP therapy is, its features, indications, and advan""]}}]"
東京都|白山リハビリ整形外科	東京都	白山リハビリ整形外科	01C2507079|01C2509004						NONE	NO	NO	[]
東京都|社会福祉法人みどり福祉会B&Jクリニックお茶の水	東京都	社会福祉法人 みどり福祉会  B&Jクリニック お茶の水	02C1909198|02C1912136						NONE	NO	NO	[]
東京都|社会福祉法人同愛記念病院財団同愛記念病院	東京都	社会福祉法人同愛記念病院財団 同愛記念病院	03C2502006|03C2502007						NONE	NO	NO	[]
東京都|社会福祉法人賛育会賛育会病院	東京都	社会福祉法人賛育会 賛育会病院	03C2506012|03C2506013						NONE	NO	NO	[]
東京都|神谷整形外科・眼科	東京都	神谷整形外科・眼科	02C1910144						NONE	NO	NO	[]
東京都|羽田内科医院	東京都	羽田内科医院	02C1911144|02C2111033						NONE	NO	NO	[]
東京都|葛西駅前あおぞら整形外科クリニック	東京都	葛西駅前あおぞら整形外科クリニック	01C2506025|01C2507072	APS		Zimmer Biomet	Zimmer Biomet	Zimmer Biomet	VALIDATED_PRODUCT_MAP_OFFICIAL	YES	YES	"[{""url"": ""https://aozora-seikei.com/regenerative-medicine/"", ""title"": ""再生医療｜葛西駅前あおぞら整形外科クリニック｜江戸川区の整形外科・小児整形外科"", ""products"": [""APS""], ""makers"": [], ""product_context"": {""APS"": [""st 求人案内 Recruit WEB予約 事前WEB問診 LINE WEB予約 事前WEB問診 電話 WEB予約 事前 WEB問診 アクセス 再生医療 再生医療｜葛西駅前あおぞら整形外科クリニック｜江戸川区の整形外科・小児整形外科 ホーム 再生医療 膝や関節の痛みにお悩みではありませんか？ PFC-FD療法とは PRP療法とは 次世代PRPとして注目されるAPS療法 治療が受けられない方（除外基準） PFC-FD／PRP／APS療法の流れ ACRS療法とは PRP療法との違い 脂肪幹細胞治療とは 脂肪幹細胞治療の流れ PFC-FD／PRP／APS療法の費用 膝や関節の痛みにお悩みではありませんか？ 膝の痛みを抱えており、くすりを内服して症状が治らない、痛みはあるけれど手術に踏み切れないなどの不安を抱えている方は多く"", ""WEB予約 事前WEB問診 電話 WEB予約 事前 WEB問診 アクセス 再生医療 再生医療｜葛西駅前あおぞら整形外科クリニック｜江戸川区の整形外科・小児整形外科 ホーム 再生医療 膝や関節の痛みにお悩みではありませんか？ PFC-FD療法とは PRP療法とは 次世代PRPとして注目されるAPS療法 治療が受けられない方（除外基準） PFC-FD／PRP／APS療法の流れ ACRS療法とは PRP療法との違い 脂肪幹細胞治療とは 脂肪幹細胞治療の流れ PFC-FD／PRP／APS療法の費用 膝や関節の痛みにお悩みではありませんか？ 膝の痛みを抱えており、くすりを内服して症状が治らない、痛みはあるけれど手術に踏み切れないなどの不安を抱えている方は多くいらっしゃると思います。 痛みの治療には、くすりの内服や関節注射、人""]}, ""maker_context"": {}}]"
東京都|順天堂大学医学部附属練馬病院	東京都	順天堂大学医学部附属練馬病院	03C2308020|03C2308021						NONE	NO	NO	[]
栃木県|医療法人一燈会かみもとスポーツクリニック	栃木県	医療法人一燈会 かみもとスポーツクリニック	01C2302004						NONE	NO	NO	[]
栃木県|医療法人俊紅会那須高原クリニック	栃木県	医療法人俊紅会 那須高原クリニック	01C2309055|01C2310025						NONE	NO	NO	[]
栃木県|医療法人健寿会小山整形外科内科クリニック	栃木県	医療法人健寿会 小山整形外科内科クリニック	02C1908009						NONE	NO	NO	[]
栃木県|医療法人恭友会はせがわ整形外科クリニック	栃木県	医療法人恭友会 はせがわ整形外科クリニック	01C2502004|02C2502053						NONE	NO	NO	[]
栃木県|医療法人親仁会佐藤病院	栃木県	医療法人親仁会 佐藤病院	01C2306023|01C2307023						NONE	NO	NO	[]
栃木県|学校法人獨協学園獨協医科大学病院	栃木県	学校法人 獨協学園  獨協医科大学病院	02C2604070|02C2604078						NONE	NO	NO	[]
沖縄県|医療法人形成会当山美容形成外科	沖縄県	医療法人形成会 当山美容形成外科	02G2001025						NONE	NO	NO	[]
沖縄県|社会医療法人友愛会友愛医療センター	沖縄県	社会医療法人友愛会友愛医療センター	02G2602005						NONE	NO	NO	[]
滋賀県|一般社団法人スピナレピオス淡海せぼねクリニック	滋賀県	一般社団法人スピナレピオス  淡海せぼねクリニック	01E2408020|01E2408021						NONE	NO	NO	[]
滋賀県|公立甲賀病院	滋賀県	公立甲賀病院	01E2307011|01E2307012						NONE	NO	NO	[]
滋賀県|医療法人翠蓮会とがの整形外科クリニック	滋賀県	医療法人翠蓮会 とがの整形外科クリニック	01E2412010|01E2412027						NONE	NO	NO	[]
滋賀県|東近江市立能登川病院	滋賀県	東近江市立能登川病院	01E2402012|01E2405012						NONE	NO	NO	[]
滋賀県|田原整形外科	滋賀県	田原整形外科	01E2404003						NONE	NO	NO	[]
熊本県|保田窪整形外科病院	熊本県	保田窪整形外科病院	01G2506014						NONE	NO	NO	[]
熊本県|熊本整形外科病院	熊本県	熊本整形外科病院	02G2511005						NONE	NO	NO	[]
石川県|医療法人EKOC東金沢整形外科クリニック	石川県	医療法人EKOC 東金沢整形外科クリニック	01D2407008|01D2407009						NONE	NO	NO	[]
石川県|特定医療法人社団勝木会やわたメディカルセンター	石川県	特定医療法人社団勝木会 やわたメディカルセンター	01D2405007|01D2408001						NONE	NO	NO	[]
神奈川県|SBC整形外科クリニック横浜駅前院	神奈川県	SBC整形外科クリニック横浜駅前院	03C2604033						NONE	NO	NO	[]
神奈川県|のぼりと整形外科診療所	神奈川県	のぼりと整形外科診療所	01C2310010						NONE	NO	NO	[]
神奈川県|ふくむら整形外科	神奈川県	ふくむら整形外科	01C2512039|01C2512043						NONE	NO	NO	[]
神奈川県|ほんだ整形外科クリニック	神奈川県	ほんだ整形外科クリニック	01C2105005						NONE	NO	NO	[]
神奈川県|エムズクリニック	神奈川県	エムズクリニック	01C2108035						NONE	NO	NO	[]
神奈川県|シン・整形外科網島	神奈川県	シン・整形外科 網島	02C2409002|02C2409003						NONE	NO	NO	[]
神奈川県|ヴェルディクリニック	神奈川県	ヴェルディクリニック	01C2302050|01C2302051						NONE	NO	NO	[]
神奈川県|井土ヶ谷整形外科リハビリクリニック	神奈川県	井土ヶ谷整形外科リハビリクリニック	01C2410005						NONE	NO	NO	[]
神奈川県|公立大学法人横浜市立大学附属病院	神奈川県	公立大学法人横浜市立大学附属病院	02C2411022						NONE	NO	NO	[]
神奈川県|医療法人健進会井上整形外科	神奈川県	医療法人 健進会 井上整形外科	01C2305022|01C2305023						NONE	NO	NO	[]
神奈川県|医療法人光耀会菊地眼科クリニック	神奈川県	医療法人光耀会 菊地眼科クリニック	03C2409021						NONE	NO	NO	[]
神奈川県|医療法人博桜会たなべ整形外科せぼね・骨粗しょう症クリニック	神奈川県	医療法人博桜会 たなべ整形外科 せぼね・骨粗しょう症クリニック	01C2410057|01C2410058						NONE	NO	NO	[]
神奈川県|医療法人横浜未来ヘルスケアシステム戸塚共立第2病院	神奈川県	医療法人横浜未来ヘルスケアシステム 戸塚共立第2病院	02C2508001|02C2508002						NONE	NO	NO	[]
神奈川県|医療法人社団三朋会嶺整形外科クリニック	神奈川県	医療法人社団 三朋会 嶺整形外科クリニック	01C2001039						NONE	NO	NO	[]
神奈川県|医療法人社団嘉徳会かんクリニックリウマチ・整形外科	神奈川県	医療法人社団 嘉徳会 かんクリニック リウマチ・整形外科	01C1912052						NONE	NO	NO	[]
神奈川県|医療法人社団総生会麻生リハビリ総合病院	神奈川県	医療法人社団 総生会 麻生リハビリ総合病院	03C2305018						NONE	NO	NO	[]
神奈川県|医療法人社団優洸会相模大野整形・形成外科	神奈川県	医療法人社団優洸会  相模大野整形・形成外科	01C2303044						NONE	NO	NO	[]
神奈川県|医療法人社団慈誠会神人整形外科クリニック	神奈川県	医療法人社団慈誠会 神人整形外科クリニック	03C2305019						NONE	NO	NO	[]
神奈川県|医療法人社団明和会亀田病院	神奈川県	医療法人社団明和会 亀田病院	02C2604080						NONE	NO	NO	[]
神奈川県|医療法人社団栄親会横浜整形外科クリニック	神奈川県	医療法人社団栄親会 横浜整形外科クリニック	03C2111004						NONE	NO	NO	[]
神奈川県|医療法人社団皆吉会プライムコーストみなとみらいクリニック	神奈川県	医療法人社団皆吉会プライムコーストみなとみらいクリニック	03C2504060|03C2504061						NONE	NO	NO	[]
神奈川県|医療法人野球医学ベースボール&スポーツクリニック	神奈川県	医療法人野球医学 ベースボール&スポーツクリニック	01C2412054						NONE	NO	NO	[]
神奈川県|医療法人順正会横浜鶴ヶ峰病院付属予防医療クリニック	神奈川県	医療法人順正会 横浜鶴ヶ峰病院付属予防医療クリニック	01C2006014						NONE	NO	NO	[]
神奈川県|原整形外科医院	神奈川県	原整形外科医院	03C2412021						NONE	NO	NO	[]
神奈川県|山下公園スパインクリニック	神奈川県	山下公園スパインクリニック	02C2602044|02C2603016						NONE	NO	NO	[]
神奈川県|東海大学医学部付属病院	神奈川県	東海大学医学部付属病院	03C2604001						NONE	NO	NO	[]
神奈川県|横浜市立大学附属病院	神奈川県	横浜市立大学附属病院	02C2411019						NONE	NO	NO	[]
神奈川県|横浜整形外科クリニック	神奈川県	横浜整形外科クリニック	03C2305023						NONE	NO	NO	[]
神奈川県|横浜鶴ヶ峰病院付属予防医療クリニック	神奈川県	横浜鶴ヶ峰病院付属予防医療クリニック	01C2206044						NONE	NO	NO	[]
神奈川県|横濱松宮整形外科リハビリテーションクリニック	神奈川県	横濱松宮整形外科リハビリテーションクリニック	01C2603018|02C1911221|02C1912004						NONE	NO	NO	[]
神奈川県|武蔵小杉整形外科	神奈川県	武蔵小杉整形外科	02C1905075						NONE	NO	NO	[]
神奈川県|湘南台まつえ整形外科・内科・リハビリテーションクリニック	神奈川県	湘南台まつえ整形外科・内科・リハビリテーションクリニック	01C2509005|01C2509007						NONE	NO	NO	[]
神奈川県|特定医療法人社団育成社佐々木病院	神奈川県	特定医療法人 社団育成社 佐々木病院	02C1911192						NONE	NO	NO	[]
神奈川県|社会福祉法人恩賜財団済生会横浜市東部病院	神奈川県	社会福祉法人恩賜財団済生会 横浜市東部病院	02C2607021						NONE	NO	NO	[]
神奈川県|金沢八景整形外科	神奈川県	金沢八景整形外科	01C2403005|01C2403006						NONE	NO	NO	[]
福井県|Mクリニック	福井県	Mクリニック	01E2510006						NONE	NO	NO	[]
福井県|春江病院	福井県	春江病院	03E2511007						NONE	NO	NO	[]
福岡県|Re:BornClinic本院	福岡県	Re:Born Clinic 本院	03G2508016|03G2508026|03G2509014						NONE	NO	NO	[]
福岡県|ZERO100クリニック	福岡県	ZERO100クリニック	01G2603002						NONE	NO	NO	[]
福岡県|うらはし整形外科クリニック	福岡県	うらはし整形外科クリニック	01G2604001|03G2104001|03G2406014						NONE	NO	NO	[]
福岡県|とも整形外科スポーツクリニック	福岡県	とも整形外科スポーツクリニック	01G1906001|01G2001007						NONE	NO	NO	[]
福岡県|ガーデンクリニック福岡院	福岡県	ガーデンクリニック 福岡院	01G2105006						NONE	NO	NO	[]
福岡県|医療法人前川整形外科医院前川整形外科スポーツクリニック	福岡県	医療法人 前川整形外科医院 前川整形外科スポーツクリニック	01G2208003						NONE	NO	NO	[]
福岡県|医療法人桜康会三宮整形外科医院	福岡県	医療法人 桜康会 三宮整形外科医院	01G2302003						NONE	NO	NO	[]
福岡県|医療法人HMCブレインメディカルクリニック博多	福岡県	医療法人HMC ブレインメディカルクリニック博多	01G2408004						NONE	NO	NO	[]
福岡県|医療法人かつの整形外科リハビリテーション科	福岡県	医療法人かつの整形外科リハビリテーション科	03G2101003						NONE	NO	NO	[]
福岡県|医療法人かつの整形外科・リハビリテーション科	福岡県	医療法人かつの整形外科・リハビリテーション科	03G2101004						NONE	NO	NO	[]
福岡県|医療法人オアシス福岡志恩病院	福岡県	医療法人オアシス 福岡志恩病院	01G1909002						NONE	NO	NO	[]
福岡県|医療法人一寿会西尾病院	福岡県	医療法人一寿会西尾病院	01G2011006	ACP		Arthrex	Arthrex	Arthrex Japan	VALIDATED_PRODUCT_MAP_OFFICIAL	YES	YES	"[{""url"": ""https://ichiju-kai.jp/pickup/prp/"", ""title"": ""PRP療法について | 医療法人 一寿会　西尾病院"", ""products"": [""ACP""], ""makers"": [], ""product_context"": {""ACP"": [""です。 PRP療法（自己多血小板血漿注入療法）とは？ 北九州・遠賀・直方地区近郊で切らないひざ治療やPRP療法を検討されている方へ、当院でのPRP療法についての特徴について解説します。患者さまが納得したうえで安心して治療を受けられるようご説明いたします。 PRP療法(自己多血小板血漿注入療法)は、患者様ご自身の血液中に含まれる血小板を利用した再生医療です。 ACP PRP療法とは？ 〔炎症抑制と軟骨保護作用を高めたPRP〕 ACP※1とはPRPの一種で、炎症抑制作用の邪魔になる赤血球と一部の白血球※2を約99％分離し、炎症抑制と軟骨 保護作用を高めた黄色い液体です。赤血球と白血球がほとんど含まれないため、“Pure-PRP”とも言われます。 血液中の良いタンパク質をバランスよく濃縮し、注入することで、関節内の細胞が病"", ""直方地区近郊で切らないひざ治療やPRP療法を検討されている方へ、当院でのPRP療法についての特徴について解説します。患者さまが納得したうえで安心して治療を受けられるようご説明いたします。 PRP療法(自己多血小板血漿注入療法)は、患者様ご自身の血液中に含まれる血小板を利用した再生医療です。 ACP PRP療法とは？ 〔炎症抑制と軟骨保護作用を高めたPRP〕 ACP※1とはPRPの一種で、炎症抑制作用の邪魔になる赤血球と一部の白血球※2を約99％分離し、炎症抑制と軟骨 保護作用を高めた黄色い液体です。赤血球と白血球がほとんど含まれないため、“Pure-PRP”とも言われます。 血液中の良いタンパク質をバランスよく濃縮し、注入することで、関節内の細胞が病的な炎症を引き起こす 仕組み（NF-κBシグナル伝達経路）を抑制し、""]}, ""maker_context"": {}}]"
福岡県|学校法人国際志学園ZERO100クリニック	福岡県	学校法人 国際志学園 ZERO100クリニック	01G2603002						NONE	NO	NO	[]
福岡県|櫛田学整形外科クリニック	福岡県	櫛田学整形外科クリニック	01G2107003						NONE	NO	NO	[]
群馬県|ぐんまスポーツ整形外科	群馬県	ぐんまスポーツ整形外科	01C2203028	ACP	Arthrex	Arthrex	Arthrex	Arthrex Japan	EXPLICIT_OFFICIAL	YES	YES	"[{""url"": ""https://gun-spo.com/prp/"", ""title"": ""PRP療法 | ぐんまスポーツ整形外科"", ""products"": [""ACP""], ""makers"": [""Arthrex""], ""product_context"": {""ACP"": [""ます。 デメリット ・自己修復力に依存しているため、上手く修復プロセスが働かないことがあります。 ・注射した部位に痛みや炎症（熱感、赤み、腫れ）を伴うことがあります。 ・まれに注射した部位に感染症が起こる可能性があります。 ・自費診療であり、通常の健康保険は使用できません。 当院で行うPRP療法 PRPには様々な種類がありますが、当院ではArthrex社の「ACP Double Syringe」を使ったPRP療法を提供しています。1回の受診でPRP作製から実際の注射までが可能で、PRP作製に必要な採血量も15mlと少なくて済みます。 当院では認定再生医療等委員会の認定を受け、「第2種 自家多血小板血漿を用いた慢性関節炎の治療（関節内組織）」、「第3種 自家多血小板血漿を用いた筋肉、腱、靭帯、筋膜の損傷及び慢性炎症の治""]}, ""maker_context"": {""Arthrex"": [""も、修復を促すことができます。 ・関節、筋、腱、靱帯、骨など運動器の大半に対して治療を行うことができます。 デメリット ・自己修復力に依存しているため、上手く修復プロセスが働かないことがあります。 ・注射した部位に痛みや炎症（熱感、赤み、腫れ）を伴うことがあります。 ・まれに注射した部位に感染症が起こる可能性があります。 ・自費診療であり、通常の健康保険は使用できません。 当院で行うPRP療法 PRPには様々な種類がありますが、当院ではArthrex社の「ACP Double Syringe」を使ったPRP療法を提供しています。1回の受診でPRP作製から実際の注射までが可能で、PRP作製に必要な採血量も15mlと少なくて済みます。 当院では認定再生医療等委員会の認定を受け、「第2種 自家多血小板血漿を用いた慢性関節炎の治療（関節内組織）」、「第3種 自家多血小板血漿を用いた筋肉、腱、靭帯、筋膜の損傷及び慢性炎症の治療（関節外の軟部組織）」の2つのPRP療法を行っております。 1 P""]}}]"
群馬県|医療法人秀躍会もぎ整形外科クリニック	群馬県	医療法人秀躍会 もぎ整形外科クリニック	01C2207022|01C2207023						NONE	NO	NO	[]
群馬県|慶友整形外科クリニック	群馬県	慶友整形外科クリニック	01C1906015|01C1910017						NONE	NO	NO	[]
群馬県|社会医療法人慶友会慶友整形外科クリニック	群馬県	社会医療法人慶友会 慶友整形外科クリニック	01C2605018						NONE	NO	NO	[]
群馬県|社会医療法人社団慶友会慶友整形外科クリニック	群馬県	社会医療法人社団慶友会 慶友整形外科クリニック	01C2605017						NONE	NO	NO	[]
茨城県|すずらん整形&ラボ	茨城県	すずらん整形&ラボ	01C2407018|01C2407019						NONE	NO	NO	[]
茨城県|医療法人ここの実会嶋崎病院	茨城県	医療法人ここの実会  嶋崎病院	03C2305020						NONE	NO	NO	[]
長崎県|チカラ整形外科スポーツリウマチクリニック	長崎県	チカラ整形外科スポーツリウマチクリニック	01G2311007						NONE	NO	NO	[]
長野県|Aiクリニック整形外科リハビリテーション科	長野県	Aiクリニック整形外科リハビリテーション科	01C2308062|01C2308063						NONE	NO	NO	[]
長野県|サンマリーンクリニック	長野県	サンマリーンクリニック	01C2506002						NONE	NO	NO	[]
長野県|医療法人仁雄会穂高病院	長野県	医療法人仁雄会 穂高病院	01C2507002						NONE	NO	NO	[]
長野県|医療法人弘仁会かもいクリニック	長野県	医療法人弘仁会 かもいクリニック	01C2210029|01C2210030						NONE	NO	NO	[]
長野県|医療法人都甲クリニック	長野県	医療法人都甲クリニック	01C2308046|01C2308047						NONE	NO	NO	[]
長野県|医療法人雨宮病院	長野県	医療法人雨宮病院	01C2206051|01C2206052						NONE	NO	NO	[]
長野県|社会医療法人恵仁会くろさわ病院	長野県	社会医療法人恵仁会 くろさわ病院	01C2408006|01C2408007						NONE	NO	NO	[]
長野県|長野松代総合病院	長野県	長野松代総合病院	01C2310035						NONE	NO	NO	[]
長野県|長野県厚生農業協同組合連合会長野松代総合病院	長野県	長野県厚生農業協同組合連合会 長野松代総合病院	01C2310037						NONE	NO	NO	[]
長野県|長野県立信州医療センター	長野県	長野県立信州医療センター	03C2606030						NONE	NO	NO	[]
静岡県|かわぐち整形外科	静岡県	かわぐち整形外科	01D2102006						NONE	NO	NO	[]
静岡県|医療法人社団オステオケアないとう整形外科クリニック	静岡県	医療法人社団オステオケア ないとう整形外科クリニック	01D2303008|01D2303009						NONE	NO	NO	[]
静岡県|医療法人社団明仁会静岡リハビリペインクリニック	静岡県	医療法人社団明仁会 静岡リハビリペインクリニック	01D2505007|01D2505008						NONE	NO	NO	[]
静岡県|国立大学法人浜松医科大学浜松医科大学医学部附属病院	静岡県	国立大学法人浜松医科大学 浜松医科大学医学部附属病院	03D2504001|03D2504002						NONE	NO	NO	[]
静岡県|富士整形外科病院	静岡県	富士整形外科病院	02D2510005|02D2510006						NONE	NO	NO	[]
静岡県|錦野クリニック	静岡県	錦野クリニック	01D1903003|01D1903004						NONE	NO	NO	[]
香川県|医療法人弘仁会三条整形外科スポーツクリニック	香川県	医療法人弘仁会 三条整形外科スポーツクリニック	01F2207002|01F2207003						NONE	NO	NO	[]
香川県|医療法人社団まえだ整形外科外科医院	香川県	医療法人社団 まえだ整形外科外科医院	01F2205004						NONE	NO	NO	[]
香川県|医療法人社団研宣会広瀬病院	香川県	医療法人社団研宣会 広瀬病院	02F1910006						NONE	NO	NO	[]
香川県|医療法人社団藤井外科胃腸科・整形外科	香川県	医療法人社団藤井外科胃腸科・整形外科	01F2311002						NONE	NO	NO	[]
香川県|香川県厚生農業協同組合連合会屋島総合病院	香川県	香川県厚生農業協同組合連合会 屋島総合病院	03F2309003|03F2309004						NONE	NO	NO	[]
香川県|高松南整形外科スポーツクリニック	香川県	高松南整形外科スポーツクリニック	01F2203001|01F2203002						NONE	NO	NO	[]
高知県|細木病院	高知県	細木病院	03F2207001|03F2207002						NONE	NO	NO	[]
鳥取県|医療法人育生会高島病院	鳥取県	医療法人育生会 高島病院	01F2202004|01F2202005						NONE	NO	NO	[]
鹿児島県|医療法人慈圭会八反丸リハビリテーション病院	鹿児島県	医療法人 慈圭会 八反丸リハビリテーション病院	02G2405005						NONE	NO	NO	[]
鹿児島県|医療法人吉祥会吉井整形外科内科中央病院	鹿児島県	医療法人吉祥会 吉井整形外科内科中央病院	01G2406010						NONE	NO	NO	[]
鹿児島県|天陽会中央クリニック	鹿児島県	天陽会中央クリニック	01G2110006						NONE	NO	NO	[]
鹿児島県|鹿児島中央整形外科スポーツクリニック	鹿児島県	鹿児島中央整形外科スポーツクリニック	01G2308005	ACP		Arthrex	Arthrex	Arthrex Japan	VALIDATED_PRODUCT_MAP_OFFICIAL	YES	YES	"[{""url"": ""https://kco-sports.jp/prp%E7%99%82%E6%B3%95"", ""title"": ""PRP療法｜鹿児島中央整形外科スポーツクリニック｜鹿児島市、鹿児島中央駅の整形外科、リハビリテーション科、スポーツ整形外科"", ""products"": [""ACP""], ""makers"": [], ""product_context"": {""ACP"": [""通常のPRPよりも多く含まれていることが特徴です。 従来のPRP療法と比較して、成長因子が約2倍含まれています。 フリーズドライ加工により、約6か月間の長期保存が可能です。 あらかじめ採血して保存しておくことで、怪我をした際にすぐ注入できるメリットがあります。 PFC-FDの詳細については 「PRP（PFC-FD?）療法とは」のページ を参照してください。 ACP療法 ACP療法は、血液から赤血球や一部の白血球を高度に分離し、組織の修復に必要な成分のみを取り出す方法です。関節内の細胞が炎症を引き起こす仕組みを抑制する働きがあり、 炎症抑制 に重点を置いた治療として知られています。 炎症の原因になりやすい赤血球などを約99％取り除いた「Pure-PRP」です。 院内の遠心分離機を使用して、採血から約30分で注入の準備が"", ""よりも多く含まれていることが特徴です。 従来のPRP療法と比較して、成長因子が約2倍含まれています。 フリーズドライ加工により、約6か月間の長期保存が可能です。 あらかじめ採血して保存しておくことで、怪我をした際にすぐ注入できるメリットがあります。 PFC-FDの詳細については 「PRP（PFC-FD?）療法とは」のページ を参照してください。 ACP療法 ACP療法は、血液から赤血球や一部の白血球を高度に分離し、組織の修復に必要な成分のみを取り出す方法です。関節内の細胞が炎症を引き起こす仕組みを抑制する働きがあり、 炎症抑制 に重点を置いた治療として知られています。 炎症の原因になりやすい赤血球などを約99％取り除いた「Pure-PRP」です。 院内の遠心分離機を使用して、採血から約30分で注入の準備が整います。""]}, ""maker_context"": {}}]"
